siren,nic,siret,dateFin,dateDebut,etatAdministratifEtablissement,changementEtatAdministratifEtablissement,enseigne1Etablissement,enseigne2Etablissement,enseigne3Etablissement,changementEnseigneEtablissement,denominationUsuelleEtablissement,changementDenominationUsuelleEtablissement,activitePrincipaleEtablissement,nomenclatureActivitePrincipaleEtablissement,changementActivitePrincipaleEtablissement,caractereEmployeurEtablissement,changementCaractereEmployeurEtablissement
000325175,00016,00032517500016,2007-12-31,2000-09-26,A,false,,,,false,,false,,,false,N,false
000325175,00016,00032517500016,,2009-05-27,F,true,,,,false,,false,32.12Z,NAFRev2,false,N,false
000325175,00016,00032517500016,2009-05-26,2008-01-01,A,false,,,,false,,false,32.12Z,NAFRev2,true,N,false
000325175,00024,00032517500024,,2011-10-21,F,true,TAHITI PERLES CREATIONS,,,false,,false,47.89Z,NAFRev2,false,N,false
000325175,00024,00032517500024,2011-10-20,2008-05-20,A,false,TAHITI PERLES CREATIONS,,,false,,false,47.89Z,NAFRev2,false,N,false
000325175,00032,00032517500032,,2011-10-21,F,true,TAHITI PERLES CREATIONS,,,false,,false,32.12Z,NAFRev2,false,N,false
000325175,00032,00032517500032,2011-10-20,2009-05-27,A,false,TAHITI PERLES CREATIONS,,,false,,false,32.12Z,NAFRev2,false,N,false
000325175,00040,00032517500040,,2014-01-07,F,true,TAHITI PERLES CREATION,,,false,,false,32.12Z,NAFRev2,false,N,false
000325175,00040,00032517500040,2014-01-06,2011-10-21,A,false,TAHITI PERLES CREATION,,,false,,false,32.12Z,NAFRev2,false,N,false
000325175,00057,00032517500057,,2018-02-07,F,true,TAHITI PERLES CREATION,,,false,,false,32.12Z,NAFRev2,false,N,false
000325175,00057,00032517500057,2018-02-06,2014-01-07,A,false,TAHITI PERLES CREATION,,,false,,false,32.12Z,NAFRev2,false,N,false
000325175,00065,00032517500065,,2018-02-07,A,false,,,,false,,false,32.12Z,NAFRev2,false,N,false
001807254,00014,00180725400014,,1978-05-31,F,true,,,,false,,false,,,false,N,false
001807254,00014,00180725400014,1978-05-30,1972-05-01,A,false,,,,false,,false,,,false,N,false
001807254,00022,00180725400022,,2014-12-31,F,true,,,,false,,false,85.59A,NAFRev2,false,N,false
001807254,00022,00180725400022,2014-12-30,2009-10-01,A,false,,,,false,,false,85.59A,NAFRev2,false,N,false
005410220,00015,00541022000015,,1988-03-31,F,true,,,,false,,false,22.02,NAP,false,N,false
005410345,00010,00541034500010,,1984-12-25,F,true,,,,false,,false,79.06,NAP,false,N,false
005410394,00018,00541039400018,,1987-12-01,F,true,,,,false,,false,64.42,NAP,false,N,false
005410428,00014,00541042800014,,1989-06-11,F,true,,,,false,,false,70.2C,NAF1993,false,N,false
005410436,00017,00541043600017,,1984-12-25,F,true,,,,false,,false,57.11,NAP,false,N,false
005410485,00014,00541048500014,,1985-12-25,F,true,,,,false,,false,64.42,NAP,false,N,false
005410493,00018,00541049300018,,,F,false,,,,false,,false,86.06,NAP,false,N,false
005410501,00018,00541050100018,,2001-12-31,F,true,,,,false,,false,55.4B,NAF1993,false,N,false
005410519,00010,00541051900010,,,F,false,,,,false,,false,62.11,NAP,false,N,false
005410527,00013,00541052700013,,1997-07-01,F,true,,,,false,,false,70.2C,NAF1993,false,N,false
005410543,00010,00541054300010,,,F,false,,,,false,,false,67.05,NAP,false,N,false
005410642,00010,00541064200010,,1991-12-31,F,true,,,,false,,false,64.45,NAP,false,N,false
005410667,00017,00541066700017,,1996-10-30,F,true,,,,false,,false,55.4B,NAF1993,false,O,false
005410675,00010,00541067500010,,1984-12-25,F,true,,,,false,,false,62.43,NAP,false,N,false
005410717,00010,00541071700010,,1990-10-31,F,true,,,,false,,false,65.06,NAP,false,N,false
005410733,00017,00541073300017,,,F,false,,,,false,,false,57.03,NAP,false,N,false
005410741,00010,00541074100010,,1985-12-25,F,true,,,,false,,false,64.42,NAP,false,N,false
005410758,00014,00541075800014,,1984-12-25,F,true,,,,false,,false,67.05,NAP,false,N,false
005410816,00010,00541081600010,,,F,false,,,,false,,false,38.40,NAP,false,N,false
005410857,00014,00541085700014,,,F,false,,,,false,,false,62.11,NAP,false,N,false
005410873,00029,00541087300029,,1999-12-31,F,true,,,,false,,false,70.2C,NAF1993,false,N,false
005410899,00024,00541089900024,,2001-03-22,F,true,,,,false,,false,74.1J,NAF1993,false,N,false
005410949,00019,00541094900019,,,F,false,,,,false,,false,64.11,NAP,false,N,false
005410980,00014,00541098000014,,1987-06-30,F,true,,,,false,,false,67.07,NAP,false,N,false
005411053,00019,00541105300019,,1991-03-31,F,true,,,,false,,false,65.03,NAP,false,N,false
005411236,00010,00541123600010,,,F,false,,,,false,,false,55.40,NAP,false,N,false
005411343,00014,00541134300014,,1992-10-31,F,true,,,,false,,false,50.1Z,NAF1993,false,N,false
005411434,00011,00541143400011,,1987-09-30,F,true,,,,false,,false,65.02,NAP,false,N,false
005411483,00018,00541148300018,,1984-12-25,F,true,,,,false,,false,62.41,NAP,false,N,false
005411582,00017,00541158200017,,2010-12-25,F,true,,,,false,,false,68.20B,NAFRev2,false,N,false
005411582,00017,00541158200017,2010-12-24,2008-01-01,A,false,,,,false,,false,68.20B,NAFRev2,true,N,false
005411582,00017,00541158200017,2007-12-31,1988-12-25,A,false,,,,false,,false,70.2C,NAF1993,true,N,false
005411582,00017,00541158200017,1988-12-24,1988-06-06,A,true,,,,false,,false,,,false,N,true
005411582,00017,00541158200017,1988-06-05,1954-01-01,,false,,,,false,,false,,,false,,false
005411699,00019,00541169900019,,1999-01-10,F,true,,,,false,,false,57.03,NAP,false,N,false
005411806,00010,00541180600010,,1984-12-25,F,true,,,,false,,false,62.11,NAP,false,N,false
005411954,00018,00541195400018,,1984-12-25,F,true,,,,false,,false,38.50,NAP,false,N,false
005411962,00011,00541196200011,,1990-12-31,F,true,,,,false,,false,67.05,NAP,false,N,false
005411996,00019,00541199600019,,,F,false,,,,false,,false,67.04,NAP,false,N,false
005420013,00012,00542001300012,,,F,false,,,,false,,false,62.21,NAP,false,N,false
005420021,00015,00542002100015,,2008-09-05,F,true,,,,false,,false,46.69B,NAFRev2,false,O,false
005420021,00015,00542002100015,2008-09-04,2008-01-01,A,false,,,,false,,false,46.69B,NAFRev2,true,O,false
005420021,00015,00542002100015,2007-12-31,2003-12-25,A,false,,,,false,,false,51.8M,NAFRev1,true,O,false
005420021,00015,00542002100015,2003-12-24,2001-12-25,A,false,,,,false,,false,51.6K,NAF1993,false,O,true
005420021,00015,00542002100015,2001-12-24,1991-12-25,A,false,,,,false,,false,51.6K,NAF1993,true,,false
005420021,00015,00542002100015,1991-12-24,1900-01-01,A,false,,,,false,,false,,,false,,false
005420021,00023,00542002100023,,2009-12-31,F,true,,,,false,,false,46.69B,NAFRev2,false,O,false
005420021,00023,00542002100023,2009-12-30,2008-01-01,A,false,,,,false,,false,46.69B,NAFRev2,true,O,false
005420021,00023,00542002100023,2007-12-31,2003-12-25,A,false,,,,false,,false,51.8M,NAFRev1,true,O,false
005420021,00023,00542002100023,2003-12-24,1996-12-25,A,false,,,,false,,false,51.6K,NAF1993,false,O,true
005420021,00023,00542002100023,1996-12-24,1995-12-25,A,false,,,,false,,false,51.6K,NAF1993,true,,false
005420021,00023,00542002100023,1995-12-24,1995-02-14,A,false,,,,false,,false,,,false,,false
005420021,00031,00542002100031,,2009-12-31,F,true,,,,false,,false,46.69B,NAFRev2,false,O,false
005420021,00031,00542002100031,2009-12-30,2008-01-01,A,false,,,,false,,false,46.69B,NAFRev2,true,O,false
005420021,00031,00542002100031,2007-12-31,2003-12-25,A,false,,,,false,,false,51.8M,NAFRev1,true,O,false
005420021,00031,00542002100031,2003-12-24,1996-12-25,A,false,,,,false,,false,51.6K,NAF1993,true,O,true
005420021,00031,00542002100031,1996-12-24,1996-03-15,A,false,,,,false,,false,,,false,,false
005420021,00049,00542002100049,,2009-12-23,F,true,,,,false,,false,46.69B,NAFRev2,false,O,false
005420021,00049,00542002100049,2009-12-22,2008-09-05,A,false,,,,false,,false,46.69B,NAFRev2,false,O,false
005420021,00056,00542002100056,,2009-12-23,A,false,,,,false,,false,46.69B,NAFRev2,false,O,false
005420039,00017,00542003900017,,,F,false,,,,false,,false,59.02,NAP,false,N,false
005420047,00010,00542004700010,,2004-09-24,F,true,,,,false,,false,45.3F,NAFRev1,false,O,false
005420047,00010,00542004700010,2004-09-23,2003-12-25,A,false,,,,false,,false,45.3F,NAFRev1,true,O,false
005420047,00010,00542004700010,2003-12-24,1996-12-25,A,false,,,,false,,false,52.4Y,NAF1993,false,O,true
005420047,00010,00542004700010,1996-12-24,1988-12-25,A,false,,,,false,,false,52.4Y,NAF1993,true,,false
005420047,00010,00542004700010,1988-12-24,1900-01-01,A,false,,,,false,,false,,,false,,false
005420047,00028,00542004700028,,2004-09-24,F,true,,,,false,,false,52.4Y,NAFRev1,false,N,false
005420047,00028,00542004700028,2004-09-23,1973-12-25,A,false,,,,false,,false,52.4Y,NAF1993,true,N,false
005420047,00028,00542004700028,1973-12-24,1973-07-01,A,false,,,,false,,false,,,false,N,false
005420054,00024,00542005400024,,1999-08-31,F,true,,,,false,,false,28.6F,NAF1993,false,O,false
005420070,00020,00542007000020,,1987-02-02,F,true,,,,false,,false,70.2C,NAF1993,false,N,false
005420088,00014,00542008800014,,1992-06-29,F,true,,,,false,,false,52.4N,NAF1993,false,N,false
005420104,00019,00542010400019,,2013-12-16,F,true,,,,false,,false,47.71Z,NAFRev2,false,O,false
005420104,00019,00542010400019,2013-12-15,2008-01-01,A,false,,,,false,,false,47.71Z,NAFRev2,true,O,false
005420104,00019,00542010400019,2007-12-31,1996-12-25,A,false,,,,false,,false,52.4C,NAF1993,false,O,true
005420104,00019,00542010400019,1996-12-24,1954-12-25,A,false,,,,false,,false,52.4C,NAF1993,true,,false
005420104,00019,00542010400019,1954-12-24,1954-01-01,A,false,,,,false,,false,,,false,,false
005420120,00015,00542012000015,,2008-01-01,A,false,,,,false,,false,10.81Z,NAFRev2,true,O,false
005420120,00015,00542012000015,2007-12-31,1996-12-25,A,false,,,,false,,false,15.8H,NAF1993,false,O,true
005420120,00015,00542012000015,1996-12-24,1993-12-25,A,false,,,,false,,false,15.8H,NAF1993,true,,false
005420120,00015,00542012000015,1993-12-24,1989-01-27,A,false,,,,false,,false,,,false,,false
005420120,00023,00542012000023,,2014-04-30,A,false,,,,false,,false,52.10B,NAFRev2,false,N,true
005420120,00023,00542012000023,2014-04-29,2008-01-01,A,false,,,,false,,false,52.10B,NAFRev2,true,O,false
005420120,00023,00542012000023,2007-12-31,1996-12-25,A,false,,,,false,,false,63.1E,NAF1993,false,O,true
005420120,00023,00542012000023,1996-12-24,1954-12-25,A,false,,,,false,,false,63.1E,NAF1993,true,,false
005420120,00023,00542012000023,1954-12-24,1900-01-01,A,false,,,,false,,false,,,false,,false
005420120,00031,00542012000031,,2008-04-23,A,false,,,,false,,false,70.10Z,NAFRev2,true,O,false
005420120,00031,00542012000031,2008-04-22,2008-01-01,A,false,,,,false,,false,10.81Z,NAFRev2,true,O,false
005420120,00031,00542012000031,2007-12-31,2007-09-01,A,false,,,,false,,false,70.1F,NAFRev1,true,O,false
005420120,00031,00542012000031,2007-08-31,2003-12-25,A,false,,,,false,,false,15.8H,NAFRev1,true,O,false
005420120,00031,00542012000031,2003-12-24,1996-12-25,A,false,,,,false,,false,,,false,O,true
005420120,00031,00542012000031,1996-12-24,1900-01-01,A,false,,,,false,,false,,,false,,false
005420120,00049,00542012000049,,2020-12-21,F,true,,,,false,,false,46.75Z,NAFRev2,false,N,false
005420120,00049,00542012000049,2020-12-20,2010-06-30,A,false,,,,false,,false,46.75Z,NAFRev2,false,N,true
005420120,00049,00542012000049,2010-06-29,2008-01-01,A,false,,,,false,,false,46.75Z,NAFRev2,true,O,false
005420120,00049,00542012000049,2007-12-31,1996-12-25,A,false,,,,false,,false,51.5L,NAF1993,false,O,true
005420120,00049,00542012000049,1996-12-24,1988-12-25,A,false,,,,false,,false,51.5L,NAF1993,true,,false
005420120,00049,00542012000049,1988-12-24,1900-01-01,A,false,,,,false,,false,,,false,,false
005420146,00010,00542014600010,,1984-12-25,F,true,,,,false,,false,64.12,NAP,false,N,false
005420153,00016,00542015300016,,1984-12-25,F,true,,,,false,,false,58.12,NAP,false,N,false
005420187,00014,00542018700014,,1984-12-25,F,true,,,,false,,false,38.40,NAP,false,N,false
005420195,00033,00542019500033,,2001-07-31,F,true,,,,false,,false,51.2A,NAF1993,false,O,false
005420245,00010,00542024500010,,1986-07-03,F,true,,,,false,,false,81.21,NAP,false,N,false
005420260,00019,00542026000019,,1991-12-25,F,false,,,,false,,false,20.01,NAP,true,N,true
005420260,00019,00542026000019,1991-12-24,1991-03-27,F,true,,,,false,,false,,,false,,false
005420260,00019,00542026000019,1991-03-26,1900-01-01,A,false,,,,false,,false,,,false,,false
005420278,00011,00542027800011,,1984-12-25,F,true,,,,false,,false,44.33,NAP,false,N,false
005440011,00012,00544001100012,,2012-02-02,F,true,,,,false,,false,68.20B,NAFRev2,false,N,false
005440011,00012,00544001100012,2012-02-01,2008-01-01,A,false,,,,false,,false,68.20B,NAFRev2,true,N,false
005440011,00012,00544001100012,2007-12-31,1991-12-25,A,false,,,,false,,false,70.2C,NAF1993,true,N,false
005440011,00012,00544001100012,1991-12-24,1991-09-30,A,false,,,,false,,false,,,false,N,false
005440078,00011,00544007800011,,1985-12-25,F,true,,,,false,,false,62.11,NAP,false,N,false
005440110,00038,00544011000038,,1995-12-25,F,false,,,,false,,false,52.4T,NAF1993,false,O,true
005440110,00038,00544011000038,1995-12-24,1995-09-30,F,true,,,,false,,false,52.4T,NAF1993,false,,false
005440110,00038,00544011000038,1995-09-29,1991-12-25,A,false,,,,false,,false,52.4T,NAF1993,true,,false
005440110,00038,00544011000038,1991-12-24,1900-01-01,A,false,,,,false,,false,,,false,,false
005440110,00053,00544011000053,,1996-12-25,F,false,,,,false,,false,70.2C,NAF1993,false,N,true
005440110,00053,00544011000053,1996-12-24,1995-12-25,F,false,,,,false,,false,70.2C,NAF1993,true,,false
005440110,00053,00544011000053,1995-12-24,1995-09-30,F,true,,,,false,,false,,,false,,false
005440110,00053,00544011000053,1995-09-29,1991-11-04,A,false,,,,false,,false,,,false,,false
005440110,00061,00544011000061,,2008-01-01,A,false,,,,false,,false,68.20B,NAFRev2,true,N,false
005440110,00061,00544011000061,2007-12-31,1995-12-25,A,false,,,,false,,false,70.2C,NAF1993,true,N,false
005440110,00061,00544011000061,1995-12-24,1995-10-01,A,false,,,,false,,false,,,false,N,false
005440136,00017,00544013600017,,,F,false,,,,false,,false,67.09,NAP,false,N,false
005440185,00014,00544018500014,,2006-03-01,F,true,,,,false,,false,52.1B,NAFRev1,false,N,false
005440185,00014,00544018500014,2006-02-28,1954-12-25,A,false,,,,false,,false,52.1B,NAF1993,true,N,false
005440185,00014,00544018500014,1954-12-24,1954-01-01,A,false,,,,false,,false,,,false,N,false
005440219,00011,00544021900011,,1984-12-25,F,true,,,,false,,false,00.97,NAP,false,N,false
005440235,00017,00544023500017,,1984-12-25,F,true,,,,false,,false,60.01,NAP,false,N,false
005440409,00018,00544040900018,,1984-12-25,F,true,,,,false,,false,64.46,NAP,false,N,false
005440508,00017,00544050800017,,1991-12-31,F,true,,,,false,,false,57.08,NAP,false,N,false
005440557,00014,00544055700014,,1984-12-25,F,true,,,,false,,false,00.97,NAP,false,N,false
005440565,00017,00544056500017,,2008-01-01,A,false,,,,false,,false,68.20B,NAFRev2,true,N,false
005440565,00017,00544056500017,2007-12-31,1993-12-25,A,false,,,,false,,false,70.2C,NAF1993,true,N,false
005440565,00017,00544056500017,1993-12-24,1954-01-01,A,false,,,,false,,false,,,false,N,false
005440649,00019,00544064900019,,1988-09-30,F,true,,,,false,,false,62.11,NAP,false,N,false
005440672,00011,00544067200011,,1984-12-25,F,true,,,,false,,false,00.97,NAP,false,N,false
005440698,00016,00544069800016,,1984-12-25,F,true,,,,false,,false,67.07,NAP,false,N,false
005440722,00014,00544072200014,,1984-12-25,F,true,,,,false,,false,00.10,NAP,false,N,false
005440755,00014,00544075500014,,1984-12-25,F,true,,,,false,,false,64.11,NAP,false,N,false
005440789,00013,00544078900013,,1984-12-25,F,true,,,,false,,false,62.11,NAP,false,N,false
005440797,00016,00544079700016,,,F,false,,,,false,,false,60.07,NAP,false,N,false
005440813,00029,00544081300029,,1989-12-31,F,true,,,,false,,false,55.3A,NAF1993,false,N,false
005440847,00019,00544084700019,,1984-12-25,F,true,,,,false,,false,69.22,NAP,false,N,false
005440904,00018,00544090400018,,1984-12-25,F,true,,,,false,,false,00.97,NAP,false,N,false
005440938,00016,00544093800016,,,F,false,,,,false,,false,01.80,NAP,false,N,false
005440987,00013,00544098700013,,1984-12-25,F,true,,,,false,,false,00.97,NAP,false,N,false
005441027,00017,00544102700017,,1984-12-25,F,true,,,,false,,false,00.97,NAP,false,N,false
005441035,00010,00544103500010,,1995-06-30,F,true,,,,false,,false,52.1B,NAF1993,false,N,false
005441043,00014,00544104300014,,2008-01-01,F,false,,,,false,,false,68.20B,NAFRev2,true,N,false
005441043,00014,00544104300014,2007-12-31,2006-12-25,F,true,,,,false,,false,70.2C,NAFRev1,false,N,false
005441043,00014,00544104300014,2006-12-24,1987-12-25,A,false,,,,false,,false,70.2C,NAF1993,true,N,false
005441043,00014,00544104300014,1987-12-24,1954-01-01,A,false,,,,false,,false,,,false,N,false
005441068,00011,00544106800011,,1989-12-31,F,true,,,,false,,false,38.40,NAP,false,N,false
005441134,00011,00544113400011,,1992-11-30,F,true,,,,false,,false,52.1J,NAF1993,false,N,false
005441159,00018,00544115900018,,1984-12-25,F,true,,,,false,,false,00.97,NAP,false,N,false
005441191,00029,00544119100029,,1985-12-25,F,true,,,,false,,false,62.41,NAP,false,N,false
005441233,00011,00544123300011,,1984-12-25,F,true,,,,false,,false,67.04,NAP,false,N,false
005441241,00014,00544124100014,,1984-12-25,F,true,,,,false,,false,69.11,NAP,false,N,false
005441266,00011,00544126600011,,1984-12-25,F,true,,,,false,,false,00.97,NAP,false,N,false
005441316,00014,00544131600014,,1984-12-25,F,true,,,,false,,false,38.50,NAP,false,N,false
005441357,00018,00544135700018,,1984-12-25,F,true,,,,false,,false,00.97,NAP,false,N,false
005441365,00011,00544136500011,,1990-05-02,F,true,,,,false,,false,58.11,NAP,false,N,false
005441373,00015,00544137300015,,1987-06-10,F,true,,,,false,,false,81.21,NAP,false,N,false
005441399,00010,00544139900010,,1989-03-11,F,true,,,,false,,false,69.12,NAP,false,N,false
005441407,00011,00544140700011,,1992-12-31,F,true,,,,false,,false,93.0D,NAF1993,false,N,false
005441449,00013,00544144900013,,1984-12-25,F,true,,,,false,,false,00.97,NAP,false,N,false
005441548,00012,00544154800012,,,F,false,,,,false,,false,64.49,NAP,false,N,false
005441589,00016,00544158900016,,1990-06-08,F,true,,,,false,,false,59.08,NAP,false,N,false
005441597,00019,00544159700019,,1985-12-25,F,true,,,,false,,false,64.45,NAP,false,N,false
005441613,00014,00544161300014,,1984-12-25,F,true,,,,false,,false,62.44,NAP,false,N,false
005441621,00017,00544162100017,,1984-12-25,F,true,,,,false,,false,00.97,NAP,false,N,false
005441662,00011,00544166200011,,1985-12-25,F,true,,,,false,,false,62.11,NAP,false,N,false
005450010,00011,00545001000011,,1984-12-25,F,true,,,,false,,false,00.97,NAP,false,N,false
005450051,00015,00545005100015,,1984-12-25,F,true,,,,false,,false,00.97,NAP,false,N,false
005450093,00017,00545009300017,,2001-02-20,F,true,,,,false,,false,60.2B,NAF1993,false,O,false
005450093,00017,00545009300017,2001-02-19,1998-12-31,A,false,,,,false,,false,60.2B,NAF1993,false,O,true
005450093,00017,00545009300017,1998-12-30,1998-12-25,A,false,,,,false,,false,60.2B,NAF1993,true,,false
005450093,00017,00545009300017,1998-12-24,1900-01-01,A,false,,,,false,,false,,,false,,false
005450093,00025,00545009300025,,2010-12-31,F,true,,,,false,,false,45.20A,NAFRev2,false,N,false
005450093,00025,00545009300025,2010-12-30,2008-01-01,A,false,,,,false,,false,45.20A,NAFRev2,true,N,false
005450093,00025,00545009300025,2007-12-31,1996-12-25,A,false,,,,false,,false,50.2Z,NAF1993,true,N,true
005450093,00025,00545009300025,1996-12-24,1991-01-01,A,false,,,,false,,false,,,false,,false
005450093,00033,00545009300033,,2022-02-15,F,true,PASSIONNEMENT GLAMOUR,,,false,PASSIONNEMENT GLAMOUR,false,47.78C,NAFRev2,false,O,false
005450093,00033,00545009300033,2022-02-14,2010-12-24,A,false,PASSIONNEMENT GLAMOUR,,,true,PASSIONNEMENT GLAMOUR,true,47.78C,NAFRev2,true,O,false
005450093,00033,00545009300033,2010-12-23,2010-09-05,A,false,,,,false,,false,45.20A,NAFRev2,false,O,true
005450093,00033,00545009300033,2010-09-04,2009-12-16,A,false,,,,false,,false,45.20A,NAFRev2,true,N,false
005450093,00033,00545009300033,2009-12-15,2008-01-01,A,false,,,,false,,false,49.39A,NAFRev2,true,N,false
005450093,00033,00545009300033,2007-12-31,2005-12-31,A,false,,,,false,,false,60.2B,NAFRev1,false,N,true
005450093,00033,00545009300033,2005-12-30,2001-12-25,A,false,,,,false,,false,60.2B,NAF1993,true,O,false
005450093,00033,00545009300033,2001-12-24,2001-02-20,A,false,,,,false,,false,,,false,O,false
005450093,00041,00545009300041,,2022-02-15,F,true,PASSIONNEMENT GLAMOUR,,,false,PASSIONNEMENT GLAMOUR,false,47.71Z,NAFRev2,false,O,false
005450093,00041,00545009300041,2022-02-14,2011-04-12,A,false,PASSIONNEMENT GLAMOUR,,,false,PASSIONNEMENT GLAMOUR,false,47.71Z,NAFRev2,false,O,false
005450093,00058,00545009300058,,2016-12-31,F,true,,,,false,,false,47.71Z,NAFRev2,false,O,false
005450093,00058,00545009300058,2016-12-30,2015-09-06,A,false,,,,false,,false,47.71Z,NAFRev2,false,O,true
005450093,00058,00545009300058,2015-09-05,2015-02-01,A,false,,,,false,,false,47.71Z,NAFRev2,false,N,false
005450101,00026,00545010100026,,1988-09-26,F,true,,,,false,,false,18.11,NAP,false,N,false
005450119,00010,00545011900010,,1994-05-01,F,true,LE GRAND CAFE,,,false,,false,92.3H,NAF1993,false,,false
005450119,00010,00545011900010,1994-04-30,1993-12-25,A,false,LE GRAND CAFE,,,false,,false,92.3H,NAF1993,true,,false
005450119,00010,00545011900010,1993-12-24,1986-03-24,A,false,LE GRAND CAFE,,,false,,false,,,false,,false
005450119,00028,00545011900028,,2021-12-01,F,true,,,,false,,false,70.10Z,NAFRev2,false,N,false
005450119,00028,00545011900028,2021-11-30,2008-01-01,A,false,,,,false,,false,70.10Z,NAFRev2,true,N,false
005450119,00028,00545011900028,2007-12-31,1995-12-25,A,false,,,,false,,false,74.1J,NAF1993,true,N,false
005450119,00028,00545011900028,1995-12-24,1994-05-01,A,false,,,,false,,false,,,false,N,false
005450119,00036,00545011900036,,2021-12-01,F,true,,,,false,,false,56.30Z,NAFRev2,false,N,false
005450119,00036,00545011900036,2021-11-30,2010-02-08,A,false,,,,false,,false,56.30Z,NAFRev2,false,N,true
005450119,00036,00545011900036,2010-02-07,2008-01-01,A,false,,,,false,,false,56.30Z,NAFRev2,true,O,false
005450119,00036,00545011900036,2007-12-31,2002-01-09,A,false,,,,false,,false,55.4B,NAF1993,true,O,false
005450119,00036,00545011900036,2002-01-08,2001-12-25,A,false,,,,false,,false,55.3B,NAF1993,true,O,true
005450119,00036,00545011900036,2001-12-24,1999-12-25,A,false,,,,false,,false,55.4B,NAF1993,true,,false
005450119,00036,00545011900036,1999-12-24,1994-05-01,A,false,,,,false,,false,,,false,,false
005470018,00010,00547001800010,,1985-12-25,F,true,,,,false,,false,55.40,NAP,false,N,false
005470075,00010,00547007500010,,1984-12-25,F,true,,,,false,,false,67.08,NAP,false,N,false
005470190,00017,00547019000017,,1984-12-25,F,true,,,,false,,false,69.12,NAP,false,N,false
005470208,00017,00547020800017,,2000-02-05,F,true,,,,false,,false,64.11,NAP,false,N,false
005470430,00017,00547043000017,,,F,false,,,,false,,false,62.43,NAP,false,N,false
005470455,00014,00547045500014,,1984-12-25,F,true,,,,false,,false,62.41,NAP,false,N,false
005470489,00013,00547048900013,,1984-12-25,F,true,,,,false,,false,86.06,NAP,false,N,false
005470620,00013,00547062000013,,1993-03-31,F,true,,,,false,,false,55.4B,NAF1993,false,N,false
005470653,00014,00547065300014,,1993-08-16,F,true,,,,false,,false,52.1B,NAF1993,false,N,false
005470927,00020,00547092700020,,1984-12-25,F,true,,,,false,,false,64.14,NAP,false,N,false
005470943,00019,00547094300019,,1984-12-25,F,true,,,,false,,false,58.03,NAP,false,N,false
005470984,00013,00547098400013,,1984-12-25,F,true,,,,false,,false,40.32,NAP,false,N,false
005471065,00010,00547106500010,,1987-12-31,F,true,,,,false,,false,67.04,NAP,false,N,false
005471115,00013,00547111500013,,,F,false,,,,false,,false,64.11,NAP,false,N,false
005471214,00014,00547121400014,,,F,false,,,,false,,false,64.11,NAP,false,N,false
005471420,00017,00547142000017,,1984-12-25,F,true,,,,false,,false,62.11,NAP,false,N,false
005471438,00019,00547143800019,,1995-08-31,F,true,,,,false,,false,70.2C,NAF1993,false,N,false
005471495,00019,00547149500019,,1985-12-25,F,true,,,,false,,false,55.72,NAP,false,N,false
005471578,00012,00547157800012,,1987-09-30,F,true,,,,false,,false,67.04,NAP,false,N,false
005471594,00019,00547159400019,,1984-12-25,F,true,,,,false,,false,38.40,NAP,false,N,false
005471602,00010,00547160200010,,1985-12-25,F,true,,,,false,,false,81.21,NAP,false,N,false
005471628,00015,00547162800015,,1992-06-30,F,true,,,,false,,false,85.1J,NAF1993,false,N,false
005471685,00015,00547168500015,,1984-12-25,F,true,,,,false,,false,67.08,NAP,false,N,false
005471743,00012,00547174300012,,1984-12-25,F,true,,,,false,,false,64.12,NAP,false,N,false
005471768,00019,00547176800019,,1984-12-25,F,true,,,,false,,false,40.32,NAP,false,N,false
005471784,00016,00547178400016,,1988-08-31,F,true,,,,false,,false,15.8C,NAF1993,false,N,false
005471800,00010,00547180000010,,1997-04-30,F,true,LA BAULE AMEUBLEMENT,,,false,,false,52.4H,NAF1993,false,N,false
005471800,00010,00547180000010,1997-04-29,1996-12-25,A,false,LA BAULE AMEUBLEMENT,,,false,,false,52.4H,NAF1993,true,N,false
005471800,00010,00547180000010,1996-12-24,1991-12-25,A,false,LA BAULE AMEUBLEMENT,,,false,,false,,,false,N,true
005471800,00010,00547180000010,1991-12-24,1900-01-01,A,false,LA BAULE AMEUBLEMENT,,,false,,false,,,false,,false
005471800,00028,00547180000028,,2008-01-01,A,false,,,,false,,false,68.20B,NAFRev2,true,N,false
005471800,00028,00547180000028,2007-12-31,1997-12-25,A,false,,,,false,,false,70.2C,NAF1993,true,N,false
005471800,00028,00547180000028,1997-12-24,1900-01-01,A,false,,,,false,,false,,,false,N,false
005471842,00012,00547184200012,,,F,false,,,,false,,false,62.44,NAP,false,N,false
005471891,00019,00547189100019,,1984-12-25,F,true,,,,false,,false,62.46,NAP,false,N,false
005471941,00012,00547194100012,,1984-12-25,F,true,,,,false,,false,65.06,NAP,false,N,false
005471958,00016,00547195800016,,1988-09-30,F,true,,,,false,,false,67.08,NAP,false,N,false
005472014,00017,00547201400017,,1984-12-25,F,true,,,,false,,false,65.03,NAP,false,N,false
005472022,00028,00547202200028,,1987-07-09,F,true,,,,false,,false,86.09,NAP,false,N,false
005472063,00014,00547206300014,,1990-06-30,F,true,,,,false,,false,54.08,NAP,false,N,false
005472238,00020,00547223800020,,2006-06-30,F,true,,,,false,,false,70.2C,NAFRev1,false,N,false
005472238,00020,00547223800020,2006-06-29,1986-12-25,A,false,,,,false,,false,70.2C,NAF1993,true,N,false
005472238,00020,00547223800020,1986-12-24,1900-01-01,A,false,,,,false,,false,,,false,N,false
005472253,00011,00547225300011,,,F,false,,,,false,,false,67.08,NAP,false,N,false
005472261,00014,00547226100014,,1996-09-30,F,true,,,,false,,false,37.2Z,NAF1993,false,N,false
005472683,00019,00547268300019,,1984-12-25,F,true,,,,false,,false,67.04,NAP,false,N,false
005472857,00019,00547285700019,,1990-03-27,F,true,,,,false,,false,22.01,NAP,false,N,false
005472873,00016,00547287300016,,1984-12-25,F,true,,,,false,,false,62.43,NAP,false,N,false
005472980,00019,00547298000019,,2008-01-01,A,false,,,,false,,false,68.20B,NAFRev2,true,N,false
005472980,00019,00547298000019,2007-12-31,1990-12-25,A,false,,,,false,,false,70.2C,NAF1993,false,N,true
005472980,00019,00547298000019,1990-12-24,1989-12-25,A,false,,,,false,,false,70.2C,NAF1993,true,,false
005472980,00019,00547298000019,1989-12-24,1989-07-01,A,true,,,,false,,false,,,false,,false
005472980,00019,00547298000019,1989-06-30,1987-07-01,F,true,,,,false,,false,,,false,,false
005472980,00019,00547298000019,1987-06-30,1954-01-01,A,false,,,,false,,false,,,false,,false
005473020,00013,00547302000013,,,F,false,,,,false,,false,55.71,NAP,false,N,false
005473152,00048,00547315200048,,2001-10-04,F,true,,,,false,,false,70.2A,NAF1993,false,N,false
005473202,00017,00547320200017,,1992-12-25,F,false,,,,false,,false,52.2C,NAF1993,false,N,true
005473202,00017,00547320200017,1992-12-24,1992-04-30,F,true,,,,false,,false,52.2C,NAF1993,false,,false
005473202,00017,00547320200017,1992-04-29,1954-12-25,A,false,,,,false,,false,52.2C,NAF1993,true,,false
005473202,00017,00547320200017,1954-12-24,1900-01-01,A,false,,,,false,,false,,,false,,false
005473202,00025,00547320200025,,2008-01-01,A,false,,,,false,,false,68.20B,NAFRev2,true,N,false
005473202,00025,00547320200025,2007-12-31,1992-12-25,A,false,,,,false,,false,70.2C,NAF1993,true,N,false
005473202,00025,00547320200025,1992-12-24,1992-05-01,A,false,,,,false,,false,,,false,N,false
005473244,00027,00547324400027,,1997-12-29,F,true,,,,false,,false,70.2C,NAF1993,false,N,false
005473285,00012,00547328500012,,1993-09-30,F,true,,,,false,,false,52.4Z,NAF1993,false,N,false
005473327,00012,00547332700012,,,F,false,,,,false,,false,57.07,NAP,false,N,false
005473418,00019,00547341800019,,2006-05-09,F,true,,,,false,,false,70.2C,NAFRev1,false,N,false
005473418,00019,00547341800019,2006-05-08,1997-12-25,A,false,,,,false,,false,70.2C,NAF1993,true,N,false
005473418,00019,00547341800019,1997-12-24,1954-01-01,A,false,,,,false,,false,,,false,N,false
005473442,00019,00547344200019,,1984-12-25,F,true,,,,false,,false,64.30,NAP,false,N,false
005473822,00038,00547382200038,,,F,false,,,,false,,false,35.01,NAP,false,N,false
005473921,00012,00547392100012,,,F,false,,,,false,,false,64.11,NAP,false,N,false
005473939,00014,00547393900014,,1984-12-25,F,true,,,,false,,false,87.06,NAP,false,N,false
005473988,00011,00547398800011,,1984-12-25,F,true,,,,false,,false,67.08,NAP,false,N,false
005474200,00010,00547420000010,,1988-06-01,F,true,,,,false,,false,69.12,NAP,false,N,false
005474440,00012,00547444000012,,2003-08-31,F,true,,,,false,,false,70.2C,NAFRev1,false,N,false
005474440,00012,00547444000012,2003-08-30,1988-12-25,A,false,,,,false,,false,70.2C,NAF1993,true,N,false
005474440,00012,00547444000012,1988-12-24,1988-06-01,A,true,,,,false,,false,,,false,N,true
005474440,00012,00547444000012,1988-05-31,1954-01-01,,false,,,,false,,false,,,false,,false
005474481,00016,00547448100016,,,F,false,,,,false,,false,81.21,NAP,false,N,false
005474507,00018,00547450700018,,1984-12-25,F,true,,,,false,,false,87.01,NAP,false,N,false
005474564,00019,00547456400019,,1984-12-25,F,true,,,,false,,false,67.04,NAP,false,N,false
005474598,00017,00547459800017,,1993-08-31,F,true,,,,false,,false,55.3A,NAF1993,false,N,false
005474630,00018,00547463000018,,1994-06-29,F,true,,,,false,,false,70.2C,NAF1993,false,N,false
005474747,00010,00547474700010,,,F,false,,,,false,,false,55.71,NAP,false,N,false
005474770,00012,00547477000012,,1984-12-25,F,true,,,,false,,false,67.04,NAP,false,N,false
005474945,00010,00547494500010,,,F,false,,,,false,,false,67.08,NAP,false,N,false
005474960,00019,00547496000019,,2022-10-04,F,true,,,,false,,false,68.20B,NAFRev2,false,N,false
005474960,00019,00547496000019,2022-10-03,2008-01-01,A,false,,,,false,,false,68.20B,NAFRev2,true,N,false
005474960,00019,00547496000019,2007-12-31,2000-12-25,A,false,,,,false,,false,70.2C,NAF1993,true,N,false
005474960,00019,00547496000019,2000-12-24,1998-12-31,A,true,,,,false,,false,,,false,N,true
005474960,00019,00547496000019,1998-12-30,1954-01-01,,false,,,,false,,false,,,false,,false
005475215,00017,00547521500017,,,F,false,,,,false,,false,67.04,NAP,false,N,false
005475314,00018,00547531400018,,,F,false,,,,false,,false,67.07,NAP,false,N,false
005480066,00124,00548006600124,,2000-07-01,F,true,,,,false,,false,71.2A,NAF1993,false,N,false
005480082,00014,00548008200014,,1998-12-31,F,false,,,,false,,false,45.1A,NAF1993,false,O,true
005480082,00014,00548008200014,1998-12-30,1998-07-10,F,true,,,,false,,false,45.1A,NAF1993,false,,false
005480082,00014,00548008200014,1998-07-09,1996-12-25,A,false,,,,false,,false,45.1A,NAF1993,true,,false
005480082,00014,00548008200014,1996-12-24,1954-01-01,A,false,,,,false,,false,,,false,,false
005480165,00017,00548016500017,,1984-12-25,F,true,,,,false,,false,67.01,NAP,false,N,false
005480231,00017,00548023100017,,1991-12-25,F,false,,,,false,,false,64.22,NAP,false,N,true
005480231,00017,00548023100017,1991-12-24,1991-12-16,F,true,,,,false,,false,64.22,NAP,false,,false
005480231,00017,00548023100017,1991-12-15,1990-12-25,A,false,,,,false,,false,64.22,NAP,true,,false
005480231,00017,00548023100017,1990-12-24,1900-01-01,A,false,,,,false,,false,,,false,,false
005480256,00014,00548025600014,,,F,false,,,,false,,false,86.04,NAP,false,N,false
005480546,00018,00548054600018,,2018-04-25,A,false,,,,false,,false,17.12Z,NAFRev2,false,N,true
005480546,00018,00548054600018,2018-04-24,2015-12-31,A,false,,,,false,,false,17.12Z,NAFRev2,true,O,false
005480546,00018,00548054600018,2015-12-30,2008-01-01,A,false,,,,false,,false,17.21C,NAFRev2,true,O,false
005480546,00018,00548054600018,2007-12-31,2004-12-25,A,false,,,,false,,false,21.2C,NAFRev1,true,O,false
005480546,00018,00548054600018,2004-12-24,2001-12-25,A,false,,,,false,,false,,,false,O,true
005480546,00018,00548054600018,2001-12-24,1958-01-01,A,false,,,,false,,false,,,false,,false
005480546,00059,00548054600059,,1998-12-31,F,false,SODIPA,,,false,,false,74.1J,NAF1993,false,O,true
005480546,00059,00548054600059,1998-12-30,1998-04-30,F,true,SODIPA,,,false,,false,74.1J,NAF1993,false,,false
005480546,00059,00548054600059,1998-04-29,1995-12-25,A,false,SODIPA,,,false,,false,74.1J,NAF1993,true,,false
005480546,00059,00548054600059,1995-12-24,1992-01-01,A,false,SODIPA,,,false,,false,,,false,,false
005480546,00067,00548054600067,,2014-01-22,F,true,,,,false,,false,17.21B,NAFRev2,false,N,false
005480546,00067,00548054600067,2014-01-21,2010-03-31,A,false,,,,false,,false,17.21B,NAFRev2,false,N,true
005480546,00067,00548054600067,2010-03-30,2008-12-31,A,false,,,,false,,false,17.21B,NAFRev2,false,O,true
005480546,00067,00548054600067,2008-12-30,2008-01-01,A,false,,,,false,,false,17.21B,NAFRev2,true,N,false
005480546,00067,00548054600067,2007-12-31,2006-11-30,A,false,,,,false,,false,21.2C,NAFRev1,false,N,false
005510037,00012,00551003700012,,1987-12-31,F,true,,,,false,,false,64.11,NAP,false,N,false
005510060,00014,00551006000014,,1987-06-23,F,true,,,,false,,false,57.02,NAP,false,N,false
005510086,00019,00551008600019,,1987-05-31,F,true,,,,false,,false,38.40,NAP,false,N,false
005510102,00014,00551010200014,,1989-08-30,F,true,,,,false,,false,82.06,NAP,false,N,false
005510326,00019,00551032600019,,1990-10-05,F,true,,,,false,,false,67.04,NAP,false,N,false
005510367,00013,00551036700013,,1996-08-10,F,true,,,,false,,false,67.05,NAP,false,N,false
005510490,00013,00551049000013,,1987-12-31,F,true,,,,false,,false,64.24,NAP,false,N,false
005510508,00020,00551050800020,,,F,false,,,,false,,false,62.11,NAP,false,N,false
005510532,00053,00551053200053,,1988-09-22,F,true,,,,false,,false,64.47,NAP,false,N,false
005510623,00027,00551062300027,,1993-06-30,F,true,,,,false,,false,55.2C,NAF1993,false,N,false
005510631,00012,00551063100012,,1994-03-31,F,true,,,,false,,false,52.1B,NAF1993,false,N,false
005510722,00019,00551072200019,,1984-12-25,F,true,,,,false,,false,64.49,NAP,false,N,false
005510854,00010,00551085400010,,1984-12-25,F,true,,,,false,,false,81.21,NAP,false,N,false
005511027,00012,00551102700012,,1985-12-25,F,true,,,,false,,false,56.02,NAP,false,N,false
005511050,00014,00551105000014,,1984-03-20,F,true,,,,false,,false,67.08,NAP,false,N,false
005511100,00017,00551110000017,,1984-12-25,F,true,,,,false,,false,78.02,NAP,false,N,false
005511142,00019,00551114200019,,1992-06-30,F,true,,,,false,,false,55.4B,NAF1993,false,N,false
005511167,00016,00551116700016,,1990-06-30,F,true,,,,false,,false,67.04,NAP,false,N,false
005511183,00021,00551118300021,,1997-03-17,F,true,,,,false,,false,60.2E,NAF1993,false,N,false
005511225,00012,00551122500012,,1984-12-25,F,true,,,,false,,false,62.11,NAP,false,N,false
005511357,00013,00551135700013,,,F,false,,,,false,,false,87.03,NAP,false,N,false
005511415,00019,00551141500019,,1990-02-14,F,true,,,,false,,false,67.07,NAP,false,N,false
005511449,00018,00551144900018,,1991-01-31,F,true,,,,false,,false,60.2L,NAF1993,false,N,false
005511456,00013,00551145600013,,2011-12-25,F,true,,,,false,,false,68.20B,NAFRev2,false,N,false
005511456,00013,00551145600013,2011-12-24,2008-01-01,A,false,,,,false,,false,68.20B,NAFRev2,true,N,false
005511456,00013,00551145600013,2007-12-31,1992-12-25,A,false,,,,false,,false,70.2C,NAF1993,true,N,false
005511456,00013,00551145600013,1992-12-24,1992-03-01,A,true,,,,false,,false,,,false,N,true
005511456,00013,00551145600013,1992-02-29,1955-01-01,,false,,,,false,,false,,,false,,false
005511464,00017,00551146400017,,1989-12-30,F,true,,,,false,,false,67.05,NAP,false,N,false
005511472,00010,00551147200010,,1990-08-31,F,true,,,,false,,false,64.11,NAP,false,N,false
005511530,00015,00551153000015,,1988-10-25,F,true,,,,false,,false,64.24,NAP,false,N,false
005511688,00011,00551168800011,,1984-12-25,F,true,,,,false,,false,81.21,NAP,false,N,false
005511738,00014,00551173800014,,,F,false,,,,false,,false,62.44,NAP,false,N,false
005511845,00017,00551184500017,,1984-12-25,F,true,,,,false,,false,81.21,NAP,false,N,false
005511944,00018,00551194400018,,1984-12-25,F,true,,,,false,,false,21.11,NAP,false,N,false
005512025,00015,00551202500015,,1985-12-25,F,true,,,,false,,false,81.21,NAP,false,N,false
005512066,00019,00551206600019,,1988-06-15,F,true,,,,false,,false,81.21,NAP,false,N,false
005512231,00019,00551223100019,,1994-08-29,F,true,,,,false,,false,55.40,NAP,false,N,false
005512363,00010,00551236300010,,1991-12-20,F,true,,,,false,,false,62.44,NAP,false,N,false
005512447,00011,00551244700011,,1988-09-30,F,true,,,,false,,false,81.21,NAP,false,N,false
005512645,00010,00551264500010,,,F,false,,,,false,,false,22.02,NAP,false,N,false
005512678,00011,00551267800011,,,F,false,,,,false,,false,81.21,NAP,false,N,false
005512686,00014,00551268600014,,1994-03-31,F,true,,,,false,,false,55.3A,NAF1993,false,N,false
005512710,00012,00551271000012,,,F,false,,,,false,,false,62.43,NAP,false,N,false
005512728,00014,00551272800014,,1984-12-25,F,true,,,,false,,false,67.05,NAP,false,N,false
005515309,00010,00551530900010,,1992-01-20,F,true,,,,false,,false,92.7C,NAF1993,false,N,false
005520028,00019,00552002800019,,2008-01-01,A,false,,,,false,,false,68.20B,NAFRev2,true,N,false
005520028,00019,00552002800019,2007-12-31,1990-12-25,A,false,,,,false,,false,70.2C,NAF1993,true,N,false
005520028,00019,00552002800019,1990-12-24,1990-08-27,A,true,,,,false,,false,,,false,N,true
005520028,00019,00552002800019,1990-08-26,1986-10-28,F,true,,,,false,,false,,,false,,false
005520028,00019,00552002800019,1986-10-27,1955-01-01,A,false,,,,false,,false,,,false,,false
005520036,00012,00552003600012,,1989-03-30,F,true,,,,false,,false,15.11,NAP,false,N,false
005520077,00016,00552007700016,,2014-12-19,A,false,,,,false,,false,25.72Z,NAFRev2,false,N,true
005520077,00016,00552007700016,2014-12-18,2008-01-01,A,false,,,,false,,false,25.72Z,NAFRev2,true,O,false
005520077,00016,00552007700016,2007-12-31,2001-12-25,A,false,,,,false,,false,28.6F,NAF1993,true,O,false
005520077,00016,00552007700016,2001-12-24,1996-12-25,A,false,,,,false,,false,,,false,O,true
005520077,00016,00552007700016,1996-12-24,1955-01-01,A,false,,,,false,,false,,,false,,false
005520119,00016,00552011900016,,2006-12-25,F,true,L ABBEVILLOISE,,,false,,false,63.1E,NAFRev1,false,N,false
005520119,00016,00552011900016,2006-12-24,1993-12-25,A,false,L ABBEVILLOISE,,,false,,false,63.1E,NAF1993,false,N,true
005520119,00016,00552011900016,1993-12-24,1955-12-25,A,false,L ABBEVILLOISE,,,false,,false,63.1E,NAF1993,true,,false
005520119,00016,00552011900016,1955-12-24,1900-01-01,A,false,L ABBEVILLOISE,,,false,,false,,,false,,false
005520119,00024,00552011900024,,2006-12-25,F,true,,,,false,,false,51.2A,NAFRev1,false,N,false
005520119,00024,00552011900024,2006-12-24,2002-12-25,A,false,,,,false,,false,51.2A,NAF1993,true,N,false
005520119,00024,00552011900024,2002-12-24,1992-12-25,A,false,,,,false,,false,,,false,N,true
005520119,00024,00552011900024,1992-12-24,1900-01-01,A,false,,,,false,,false,,,false,,false
005520119,00032,00552011900032,,2006-12-25,F,true,,,,false,,false,63.1E,NAFRev1,false,N,false
005520119,00032,00552011900032,2006-12-24,1984-12-25,A,false,,,,false,,false,63.1E,NAF1993,true,N,false
005520119,00032,00552011900032,1984-12-24,1984-01-13,A,false,,,,false,,false,,,false,N,false
005520119,00040,00552011900040,,2001-06-30,F,true,,,,false,,false,63.1E,NAF1993,false,N,false
005520119,00040,00552011900040,2001-06-29,1983-12-25,A,false,,,,false,,false,63.1E,NAF1993,true,N,false
005520119,00040,00552011900040,1983-12-24,1983-01-01,A,false,,,,false,,false,,,false,N,false
005520119,00057,00552011900057,,2006-12-25,F,true,,,,false,,false,63.1E,NAFRev1,false,N,false
005520119,00057,00552011900057,2006-12-24,1975-12-25,A,false,,,,false,,false,63.1E,NAF1993,true,N,false
005520119,00057,00552011900057,1975-12-24,1975-01-01,A,false,,,,false,,false,,,false,N,false
005520135,00012,00552013500012,,2007-11-19,F,true,,,,false,,false,74.1J,NAFRev1,false,O,false
005520135,00012,00552013500012,2007-11-18,2000-12-25,A,false,,,,false,,false,74.1J,NAF1993,false,O,true
005520135,00012,00552013500012,2000-12-24,1998-09-30,A,true,,,,false,,false,74.1J,NAF1993,false,,false
005520135,00012,00552013500012,1998-09-29,1995-12-25,,false,,,,false,,false,74.1J,NAF1993,true,,false
005520135,00012,00552013500012,1995-12-24,1955-01-01,,false,,,,false,,false,,,false,,false
005520135,00020,00552013500020,,2007-04-20,F,true,,,,false,,false,74.1J,NAFRev1,false,N,false
005520135,00020,00552013500020,2007-04-19,1998-12-25,A,false,,,,false,,false,74.1J,NAF1993,true,N,false
005520135,00020,00552013500020,1998-12-24,1998-09-30,A,false,,,,false,,false,,,false,N,false
005520135,00038,00552013500038,,2007-11-19,F,true,,,,false,,false,17.1P,NAFRev1,false,N,false
005520135,00038,00552013500038,2007-11-18,2007-04-20,A,false,,,,false,,false,17.1P,NAFRev1,false,N,false
005520176,00016,00552017600016,,2008-01-01,A,false,,,,false,,false,17.21A,NAFRev2,true,O,false
005520176,00016,00552017600016,2007-12-31,2003-12-25,A,false,,,,false,,false,21.2A,NAFRev1,true,O,false
005520176,00016,00552017600016,2003-12-24,2002-12-25,A,false,,,,false,,false,,,false,O,true
005520176,00016,00552017600016,2002-12-24,1955-01-01,A,false,,,,false,,false,,,false,,false
005520176,00032,00552017600032,,2008-01-01,A,false,,,,false,,false,17.21A,NAFRev2,true,O,false
005520176,00032,00552017600032,2007-12-31,2000-12-25,A,false,,,,false,,false,21.2A,NAF1993,false,O,true
005520176,00032,00552017600032,2000-12-24,1999-12-25,A,false,,,,false,,false,21.2A,NAF1993,true,,false
005520176,00032,00552017600032,1999-12-24,1999-08-30,A,false,,,,false,,false,,,false,,false
005520200,00014,00552020000014,,,F,false,,,,false,,false,81.21,NAP,false,N,false
005520234,00021,00552023400021,,1988-06-23,F,true,,,,false,,false,59.10,NAP,false,N,false
005520242,00016,00552024200016,,2008-01-01,A,false,,,,false,,false,20.30Z,NAFRev2,true,O,false
005520242,00016,00552024200016,2007-12-31,2003-12-25,A,false,,,,false,,false,24.3Z,NAFRev1,true,O,false
005520242,00016,00552024200016,2003-12-24,2001-12-25,A,false,,,,false,,false,,,false,O,true
005520242,00016,00552024200016,2001-12-24,1900-01-01,A,false,,,,false,,false,,,false,,false
005520242,00032,00552024200032,,1994-12-25,F,false,,,,false,,false,74.1J,NAF1993,false,O,true
005520242,00032,00552024200032,1994-12-24,1993-12-25,F,false,,,,false,,false,74.1J,NAF1993,true,,false
005520242,00032,00552024200032,1993-12-24,1993-03-01,F,true,,,,false,,false,,,false,,false
005520242,00032,00552024200032,1993-02-28,1900-01-01,A,false,,,,false,,false,,,false,,false
005520242,00040,00552024200040,,2001-01-19,F,true,,,,false,,false,74.1J,NAF1993,false,O,false
005520242,00040,00552024200040,2001-01-18,2000-12-31,A,false,,,,false,,false,74.1J,NAF1993,false,O,true
005520242,00040,00552024200040,2000-12-30,1993-12-25,A,false,,,,false,,false,74.1J,NAF1993,true,,false
005520242,00040,00552024200040,1993-12-24,1993-03-01,A,false,,,,false,,false,,,false,,false
005520242,00057,00552024200057,,2004-10-12,F,true,,,,false,,false,24.3Z,NAFRev1,false,N,false
005520242,00057,00552024200057,2004-10-11,2001-12-25,A,false,,,,false,,false,24.3Z,NAF1993,true,N,false
005520242,00057,00552024200057,2001-12-24,2001-01-15,A,false,,,,false,,false,,,false,N,false
005520242,00065,00552024200065,,2008-01-01,F,false,,,,false,,false,20.30Z,NAFRev2,true,O,false
005520242,00065,00552024200065,2007-12-31,2004-10-12,F,true,,,,false,,false,74.1J,NAFRev1,false,O,false
005520242,00065,00552024200065,2004-10-11,2001-12-25,A,false,,,,false,,false,74.1J,NAF1993,true,O,true
005520242,00065,00552024200065,2001-12-24,2001-01-19,A,false,,,,false,,false,,,false,,false
005520242,00073,00552024200073,,2008-01-01,F,false,,,,false,,false,20.30Z,NAFRev2,true,O,false
005520242,00073,00552024200073,2007-12-31,2007-12-31,F,true,,,,false,,false,24.3Z,NAFRev1,false,O,false
005520242,00073,00552024200073,2007-12-30,2004-12-25,A,false,,,,false,,false,24.3Z,NAFRev1,true,O,true
005520242,00073,00552024200073,2004-12-24,2004-10-01,A,false,,,,false,,false,,,false,,false
005520259,00010,00552025900010,,1984-12-25,F,true,,,,false,,false,62.43,NAP,false,N,false
005520309,00013,00552030900013,,1984-12-25,F,true,,,,false,,false,64.13,NAP,false,N,false
005520325,00019,00552032500019,,2013-12-31,A,false,,,,false,,false,46.74B,NAFRev2,true,O,false
005520325,00019,00552032500019,2013-12-30,2008-01-01,A,false,,,,false,,false,25.62A,NAFRev2,true,O,false
005520325,00019,00552032500019,2007-12-31,2004-12-25,A,false,,,,false,,false,28.5C,NAFRev1,true,O,false
005520325,00019,00552032500019,2004-12-24,1996-12-25,A,false,,,,false,,false,,,false,O,true
005520325,00019,00552032500019,1996-12-24,1955-01-01,A,false,,,,false,,false,,,false,,false
005520325,00027,00552032500027,,2018-12-20,A,false,,,,false,,false,70.10Z,NAFRev2,false,N,false
005520408,00047,00552040800047,,2003-07-01,F,true,,,,false,,false,65.2E,NAFRev1,false,N,false
005520408,00047,00552040800047,2003-06-30,2002-12-31,A,false,,,,false,,false,65.2E,NAF1993,false,N,true
005520408,00047,00552040800047,2002-12-30,2000-12-25,A,false,,,,false,,false,65.2E,NAF1993,true,,false
005520408,00047,00552040800047,2000-12-24,2000-12-14,A,false,,,,false,,false,,,false,,false
005520408,00054,00552040800054,,2004-08-01,F,true,,,,false,,false,65.2E,NAFRev1,false,N,false
005520408,00054,00552040800054,2004-07-31,2003-12-25,A,false,,,,false,,false,65.2E,NAFRev1,true,N,false
005520408,00054,00552040800054,2003-12-24,2003-07-01,A,false,,,,false,,false,,,false,N,false
005520416,00016,00552041600016,,1995-12-25,F,false,,,,false,,false,37.1Z,NAF1993,false,O,true
005520416,00016,00552041600016,1995-12-24,1995-01-01,F,true,,,,false,,false,37.1Z,NAF1993,false,,false
005520416,00016,00552041600016,1994-12-31,1990-12-25,A,false,,,,false,,false,37.1Z,NAF1993,true,,false
005520416,00016,00552041600016,1990-12-24,1900-01-01,A,false,,,,false,,false,,,false,,false
005520424,00010,00552042400010,,1984-12-25,F,true,,,,false,,false,55.60,NAP,false,N,false
005520432,00013,00552043200013,,,F,false,,,,false,,false,64.22,NAP,false,N,false
005520440,00016,00552044000016,,2003-04-01,F,true,,,,false,,false,18.2D,NAFRev1,false,O,false
005520440,00016,00552044000016,2003-03-31,2002-12-31,A,false,,,,false,,false,18.2D,NAF1993,false,O,true
005520440,00016,00552044000016,2002-12-30,2002-12-25,A,false,,,,false,,false,18.2D,NAF1993,true,,false
005520440,00016,00552044000016,2002-12-24,1955-01-01,A,false,,,,false,,false,,,false,,false
005520465,00039,00552046500039,,1985-12-25,F,true,,,,false,,false,59.02,NAP,false,N,false
005520507,00012,00552050700012,,1984-12-25,F,true,,,,false,,false,57.09,NAP,false,N,false
005540034,00013,00554003400013,,1984-12-25,F,true,,,,false,,false,81.21,NAP,false,N,false
005540083,00010,00554008300010,,1984-12-25,F,true,,,,false,,false,64.11,NAP,false,N,false
005540091,00013,00554009100013,,1984-12-25,F,true,,,,false,,false,47.02,NAP,false,N,false
005540125,00019,00554012500019,,1984-12-25,F,true,,,,false,,false,00.97,NAP,false,N,false
005540273,00025,00554027300025,,2008-01-01,A,false,,,,false,,false,68.20B,NAFRev2,true,N,false
005540273,00025,00554027300025,2007-12-31,1992-12-25,A,false,,,,false,,false,70.2C,NAF1993,true,N,false
005540273,00025,00554027300025,1992-12-24,1900-01-01,A,false,,,,false,,false,,,false,N,false
005540307,00013,00554030700013,,1998-06-30,F,true,,,,false,,false,70.2C,NAF1993,false,N,false
005540315,00016,00554031500016,,1991-08-17,F,true,,,,false,,false,64.44,NAP,false,N,false
005540349,00015,00554034900015,,1984-12-25,F,true,,,,false,,false,00.97,NAP,false,N,false
005540372,00017,00554037200017,,1991-12-31,F,true,,,,false,,false,64.30,NAP,false,N,false
005540380,00010,00554038000010,,2010-11-16,F,true,,,,false,,false,47.73Z,NAFRev2,false,O,false
005540380,00010,00554038000010,2010-11-15,2008-01-01,A,false,,,,false,,false,47.73Z,NAFRev2,true,O,false
005540380,00010,00554038000010,2007-12-31,2002-12-25,A,false,,,,false,,false,52.3A,NAF1993,true,O,false
005540380,00010,00554038000010,2002-12-24,1996-12-25,A,false,,,,false,,false,,,false,O,true
005540380,00010,00554038000010,1996-12-24,1974-04-11,A,false,,,,false,,false,,,false,,false
005540422,00010,00554042200010,,1990-07-01,F,true,,,,false,,false,59.08,NAP,false,N,false
005540448,00015,00554044800015,,1984-12-25,F,true,,,,false,,false,00.98,NAP,false,N,false
005540455,00010,00554045500010,,1991-12-31,F,true,,,,false,,false,39.01,NAP,false,N,false
005540497,00012,00554049700012,,1991-12-25,F,false,,,,false,,false,38.50,NAP,true,N,true
005540497,00012,00554049700012,1991-12-24,1991-02-09,F,true,,,,false,,false,,,false,,false
005540497,00012,00554049700012,1991-02-08,1989-08-25,A,false,,,,false,,false,,,false,,false
005540539,00029,00554053900029,,1984-12-25,F,true,,,,false,,false,81.21,NAP,false,N,false
005540547,00014,00554054700014,,1989-01-07,F,true,,,,false,,false,55.4B,NAF1993,false,N,false
005540554,00010,00554055400010,,1984-12-25,F,true,,,,false,,false,00.10,NAP,false,N,false
005540612,00016,00554061200016,,1984-12-25,F,true,,,,false,,false,00.97,NAP,false,N,false
005540646,00014,00554064600014,,1984-12-25,F,true,,,,false,,false,00.97,NAP,false,N,false
005540661,00021,00554066100021,,2008-01-01,A,false,,,,false,,false,68.20B,NAFRev2,true,N,false
005540661,00021,00554066100021,2007-12-31,1990-12-25,A,false,,,,false,,false,70.2C,NAF1993,true,N,false
005540661,00021,00554066100021,1990-12-24,1900-01-01,A,false,,,,false,,false,,,false,N,false
005540828,00018,00554082800018,,1984-12-25,F,true,,,,false,,false,00.97,NAP,false,N,false
005540836,00011,00554083600011,,1984-12-25,F,true,,,,false,,false,00.97,NAP,false,N,false
005540844,00015,00554084400015,,1984-12-25,F,true,,,,false,,false,00.97,NAP,false,N,false
005540869,00012,00554086900012,,,F,false,,,,false,,false,38.50,NAP,false,N,false
005540885,00018,00554088500018,,1984-12-25,F,true,,,,false,,false,00.97,NAP,false,N,false
005540901,00013,00554090100013,,1984-12-25,F,true,,,,false,,false,00.97,NAP,false,N,false
005540968,00012,00554096800012,,1991-04-19,F,true,,,,false,,false,81.21,NAP,false,N,false
005540976,00015,00554097600015,,1985-12-25,F,true,,,,false,,false,62.43,NAP,false,N,false
005541016,00019,00554101600019,,,F,false,,,,false,,false,81.21,NAP,false,N,false
005541032,00016,00554103200016,,1984-12-25,F,true,,,,false,,false,00.97,NAP,false,N,false
005541040,00019,00554104000019,,1984-12-25,F,true,,,,false,,false,,,false,N,false
005541065,00016,00554106500016,,1984-12-25,F,true,,,,false,,false,00.97,NAP,false,N,false
005541073,00010,00554107300010,,,F,false,,,,false,,false,67.08,NAP,false,N,false
005541123,00013,00554112300013,,1994-07-29,F,true,,,,false,,false,55.1A,NAF1993,false,N,false
005541206,00016,00554120600016,,1992-11-30,F,true,,,,false,,false,52.1B,NAF1993,false,N,false
005541206,00016,00554120600016,1992-11-29,1988-12-25,A,false,,,,false,,false,52.1B,NAF1993,true,N,true
005541206,00016,00554120600016,1988-12-24,1900-01-01,A,false,,,,false,,false,,,false,,false
005541206,00024,00554120600024,,2008-01-01,A,false,,,,false,,false,68.20B,NAFRev2,true,N,false
005541206,00024,00554120600024,2007-12-31,1998-12-25,A,false,,,,false,,false,70.2C,NAF1993,true,N,false
005541206,00024,00554120600024,1998-12-24,1998-04-02,A,false,,,,false,,false,,,false,N,false
005541248,00018,00554124800018,,1987-09-01,F,true,,,,false,,false,67.01,NAP,false,N,false
005541255,00013,00554125500013,,,F,false,,,,false,,false,54.07,NAP,false,N,false
005541263,00017,00554126300017,,,F,false,,,,false,,false,62.11,NAP,false,N,false
005541305,00016,00554130500016,,,F,false,,,,false,,false,48.01,NAP,false,N,false
005541347,00018,00554134700018,,1995-12-25,F,false,,,,false,,false,51.1T,NAF1993,true,N,false
005541347,00018,00554134700018,1995-12-24,1995-10-31,F,true,,,,false,,false,,,false,N,false
005541347,00018,00554134700018,1995-10-30,1990-12-25,A,false,,,,false,,false,,,false,N,true
005541347,00018,00554134700018,1990-12-24,1900-01-01,A,false,,,,false,,false,,,false,,false
005541347,00026,00554134700026,,1994-05-04,F,true,,,,false,,false,01.2J,NAF1993,false,N,false
005541347,00026,00554134700026,1994-05-03,1990-12-25,A,false,,,,false,,false,01.2J,NAF1993,true,N,true
005541347,00026,00554134700026,1990-12-24,1982-09-23,A,false,,,,false,,false,,,false,,false
005541362,00017,00554136200017,,1984-12-25,F,true,,,,false,,false,55.60,NAP,false,N,false
005541412,00010,00554141200010,,1984-12-25,F,true,,,,false,,false,67.08,NAP,false,N,false
005541438,00023,00554143800023,,2008-01-01,A,false,,,,false,,false,68.20B,NAFRev2,true,N,false
005541438,00023,00554143800023,2007-12-31,1993-12-25,A,false,,,,false,,false,70.2C,NAF1993,true,N,false
005541438,00023,00554143800023,1993-12-24,1993-01-01,A,true,,,,false,,false,,,false,N,true
005541438,00023,00554143800023,1992-12-31,1992-12-31,F,true,,,,false,,false,,,false,,false
005541438,00023,00554143800023,1992-12-30,1990-09-01,A,false,,,,false,,false,,,false,,false
005541495,00015,00554149500015,,1987-05-02,F,true,,,,false,,false,63.05,NAP,false,N,false
005541529,00011,00554152900011,,1984-12-25,F,true,,,,false,,false,65.06,NAP,false,N,false
005541545,00017,00554154500017,,1993-08-05,F,true,,,,false,,false,52.1B,NAF1993,false,N,false
005541552,00013,00554155200013,,2008-01-01,A,false,,,,false,,false,55.10Z,NAFRev2,true,O,false
005541552,00013,00554155200013,2007-12-31,1996-12-25,A,false,,,,false,,false,55.1A,NAF1993,false,O,true
005541552,00013,00554155200013,1996-12-24,1990-12-25,A,false,,,,false,,false,55.1A,NAF1993,true,,false
005541552,00013,00554155200013,1990-12-24,1974-01-01,A,false,,,,false,,false,,,false,,false
005541552,00021,00554155200021,,2007-09-30,F,true,,,,false,,false,55.3B,NAFRev1,false,N,false
005541552,00021,00554155200021,2007-09-29,2006-04-02,A,false,,,,false,,false,55.3B,NAFRev1,false,N,true
005541552,00021,00554155200021,2006-04-01,1996-12-25,A,false,,,,false,,false,55.3B,NAF1993,true,O,true
005541552,00021,00554155200021,1996-12-24,1996-11-30,A,false,,,,false,,false,,,false,,false
005541552,00039,00554155200039,,2008-02-03,A,false,LE SYMPA SNACK,,,false,,false,56.10C,NAFRev2,false,O,true
005541552,00039,00554155200039,2008-02-02,2008-01-01,A,false,LE SYMPA SNACK,,,false,,false,56.10C,NAFRev2,true,N,false
005541552,00039,00554155200039,2007-12-31,2007-11-05,A,false,LE SYMPA SNACK,,,false,,false,55.3B,NAFRev1,true,N,false
005541552,00039,00554155200039,2007-11-04,2007-09-30,A,false,LE SYMPA SNACK,,,false,,false,55.3A,NAFRev1,false,N,false
005541560,00016,00554156000016,,1984-12-25,F,true,,,,false,,false,00.97,NAP,false,N,false
005541610,00035,00554161000035,,1985-12-25,F,true,,,,false,,false,79.06,NAP,false,N,false
005541669,00015,00554166900015,,1984-12-25,F,true,,,,false,,false,81.21,NAP,false,N,false
005541677,00018,00554167700018,,1984-12-25,F,true,,,,false,,false,64.46,NAP,false,N,false
005541685,00011,00554168500011,,1988-05-31,F,true,,,,false,,false,15.8C,NAF1993,false,N,false
005541701,00016,00554170100016,,1984-12-25,F,true,,,,false,,false,00.10,NAP,false,N,false
005541735,00014,00554173500014,,1989-03-07,F,true,,,,false,,false,64.12,NAP,false,N,false
005541750,00013,00554175000013,,1984-12-25,F,true,,,,false,,false,65.02,NAP,false,N,false
005541776,00018,00554177600018,,1984-12-25,F,true,,,,false,,false,69.11,NAP,false,N,false
005541842,00018,00554184200018,,1984-12-25,F,true,,,,false,,false,49.01,NAP,false,N,false
005541867,00023,00554186700023,,2008-01-01,A,false,,,,false,,false,68.20B,NAFRev2,true,N,false
005541867,00023,00554186700023,2007-12-31,1988-12-25,A,false,,,,false,,false,70.2C,NAF1993,true,N,false
005541867,00023,00554186700023,1988-12-24,1984-07-10,A,false,,,,false,,false,,,false,N,false
005541909,00015,00554190900015,,1984-12-25,F,true,,,,false,,false,81.21,NAP,false,N,false
005541982,00020,00554198200020,,1993-06-30,F,true,,,,false,,false,52.4C,NAF1993,false,N,false
005542113,00013,00554211300013,,2001-10-03,F,true,,,,false,,false,70.2C,NAF1993,false,N,false
005542113,00013,00554211300013,2001-10-02,2000-12-25,A,false,,,,false,,false,70.2C,NAF1993,true,N,false
005542113,00013,00554211300013,2000-12-24,1988-03-18,A,false,,,,false,,false,,,false,N,false
005542162,00010,00554216200010,,1984-12-25,F,true,,,,false,,false,57.08,NAP,false,N,false
005542212,00013,00554221200013,,2000-06-02,F,true,,,,false,,false,70.2C,NAF1993,false,N,false
005542261,00010,00554226100010,,1998-12-19,F,true,,,,false,,false,55.1A,NAF1993,false,N,false
005542345,00011,00554234500011,,1987-12-31,F,true,,,,false,,false,38.40,NAP,false,N,false
005542394,00019,00554239400019,,,F,false,,,,false,,false,67.09,NAP,false,N,false
005542410,00013,00554241000013,,1984-12-25,F,true,,,,false,,false,00.97,NAP,false,N,false
005550017,00015,00555001700015,,,F,false,,,,false,,false,59.08,NAP,false,N,false
005550025,00018,00555002500018,,2002-01-31,F,true,,,,false,,false,51.1N,NAF1993,false,,false
005550025,00018,00555002500018,2002-01-30,1991-12-25,A,false,,,,false,,false,51.1N,NAF1993,true,,false
005550025,00018,00555002500018,1991-12-24,1955-01-01,A,false,,,,false,,false,,,false,,false
005550025,00026,00555002500026,,2007-02-28,F,true,,,,false,,false,55.3A,NAFRev1,false,O,false
005550025,00026,00555002500026,2007-02-27,2002-12-25,A,false,,,,false,,false,55.3A,NAF1993,true,O,true
005550025,00026,00555002500026,2002-12-24,2002-10-22,A,false,,,,false,,false,,,false,,false
005550058,00019,00555005800019,,2006-12-29,F,true,,,,false,,false,45.2C,NAFRev1,false,N,false
005550058,00019,00555005800019,2006-12-28,2003-12-25,A,false,,,,false,,false,45.2C,NAFRev1,true,N,false
005550058,00019,00555005800019,2003-12-24,1998-12-25,A,false,,,,false,,false,,,false,N,true
005550058,00019,00555005800019,1998-12-24,1955-01-01,A,false,,,,false,,false,,,false,,false
005550058,00027,00555005800027,,2003-01-01,F,true,,,,false,,false,45.2C,NAF1993,false,N,false
005550058,00027,00555005800027,2002-12-31,1981-12-25,A,false,,,,false,,false,45.2C,NAF1993,true,N,false
005550058,00027,00555005800027,1981-12-24,1981-01-01,A,false,,,,false,,false,,,false,N,false
005550066,00012,00555006600012,,1984-12-25,F,true,,,,false,,false,00.97,NAP,false,N,false
005550082,00027,00555008200027,,2004-04-01,F,true,,,,false,,false,45.2P,NAFRev1,false,O,false
005550082,00027,00555008200027,2004-03-31,2002-12-25,A,false,,,,false,,false,45.2P,NAF1993,true,O,false
005550082,00027,00555008200027,2002-12-24,1996-12-25,A,false,,,,false,,false,,,false,O,true
005550082,00027,00555008200027,1996-12-24,1984-01-01,A,false,,,,false,,false,,,false,,false
005550082,00035,00555008200035,,2004-04-01,F,true,,,,false,,false,45.2P,NAFRev1,false,O,false
005550082,00035,00555008200035,2004-03-31,2003-12-25,A,false,,,,false,,false,45.2P,NAFRev1,true,O,true
005550082,00035,00555008200035,2003-12-24,2003-05-01,A,false,,,,false,,false,,,false,,false
005550108,00012,00555010800012,,2017-12-31,F,true,,,,false,,false,49.32Z,NAFRev2,false,O,false
005550108,00012,00555010800012,2017-12-30,2014-09-01,A,false,,,,false,,false,49.32Z,NAFRev2,true,O,false
005550108,00012,00555010800012,2014-08-31,2008-01-01,A,false,,,,false,,false,49.39A,NAFRev2,true,O,false
005550108,00012,00555010800012,2007-12-31,2000-12-25,A,false,,,,false,,false,60.2M,NAF1993,true,O,true
005550108,00012,00555010800012,2000-12-24,1955-01-01,A,false,,,,false,,false,,,false,,false
005550116,00023,00555011600023,,2006-07-01,F,true,,,,false,,false,45.1A,NAFRev1,false,O,false
005550116,00023,00555011600023,2006-06-30,2004-12-25,A,false,,,,false,,false,45.1A,NAFRev1,true,O,false
005550116,00023,00555011600023,2004-12-24,1996-12-25,A,false,,,,false,,false,,,false,O,true
005550116,00023,00555011600023,1996-12-24,1983-07-01,A,false,,,,false,,false,,,false,,false
005550124,00019,00555012400019,,,F,false,,,,false,,false,65.03,NAP,false,N,false
005550157,00019,00555015700019,,2011-03-31,F,true,,,,false,,false,22.11Z,NAFRev2,false,N,false
005550157,00019,00555015700019,2011-03-30,2009-12-24,A,true,,,,false,,false,22.11Z,NAFRev2,false,N,false
005550157,00019,00555015700019,2009-12-23,1952-01-01,F,false,,,,false,,false,22.11Z,NAFRev2,true,N,false
005550157,00019,00555015700019,1951-12-31,1900-01-01,F,false,,,,false,,false,00.00Z,NAFRev2,false,N,false
005550207,00012,00555020700012,,1984-12-25,F,true,,,,false,,false,00.97,NAP,false,N,false
005550231,00012,00555023100012,,,F,false,,,,false,,false,81.21,NAP,false,N,false
005550256,00019,00555025600019,,1984-12-25,F,true,,,,false,,false,00.97,NAP,false,N,false
005570122,00019,00557012200019,,1988-12-31,F,true,,,,false,,false,87.03,NAP,false,N,false
005570296,00011,00557029600011,,1990-06-30,F,true,,,,false,,false,81.21,NAP,false,N,false
005570338,00011,00557033800011,,1984-12-25,F,true,,,,false,,false,55.72,NAP,false,N,false
005570361,00013,00557036100013,,1992-11-25,F,true,,,,false,,false,70.2C,NAF1993,false,N,false
005570387,00018,00557038700018,,1984-12-25,F,true,,,,false,,false,62.11,NAP,false,N,false
005570445,00014,00557044500014,,1989-12-31,F,true,,,,false,,false,58.04,NAP,false,N,false
005570452,00010,00557045200010,,1984-12-25,F,true,,,,false,,false,79.06,NAP,false,N,false
005570569,00011,00557056900011,,1995-12-25,F,false,,,,false,,false,70.2C,NAF1993,true,N,false
005570569,00011,00557056900011,1995-12-24,1995-05-03,F,true,,,,false,,false,,,false,N,false
005570569,00011,00557056900011,1995-05-02,1990-12-25,A,false,,,,false,,false,,,false,N,true
005570569,00011,00557056900011,1990-12-24,1988-04-01,A,false,,,,false,,false,,,false,,false
005570593,00011,00557059300011,,1984-12-25,F,true,,,,false,,false,67.05,NAP,false,N,false
005570601,00012,00557060100012,,1984-12-25,F,true,,,,false,,false,62.43,NAP,false,N,false
005570650,00027,00557065000027,,,F,false,,,,false,,false,79.06,NAP,false,N,false
005570718,00014,00557071800014,,1984-12-25,F,true,,,,false,,false,00.10,NAP,false,N,false
005570783,00018,00557078300018,,1991-12-31,F,true,,,,false,,false,87.06,NAP,false,N,false
005570882,00026,00557088200026,,1984-12-25,F,true,,,,false,,false,55.73,NAP,false,N,false
005570916,00022,00557091600022,,1984-12-25,F,true,,,,false,,false,86.04,NAP,false,N,false
005570957,00018,00557095700018,,1984-12-25,F,true,,,,false,,false,67.04,NAP,false,N,false
005571104,00016,00557110400016,,,F,false,,,,false,,false,00.10,NAP,false,N,false
005571187,00011,00557118700011,,1984-12-25,F,true,,,,false,,false,62.43,NAP,false,N,false
005571195,00022,00557119500022,,1985-12-25,F,true,,,,false,,false,64.11,NAP,false,N,false
005571344,00018,00557134400018,,1985-12-25,F,true,,,,false,,false,00.10,NAP,false,N,false
005571385,00011,00557138500011,,1984-12-25,F,true,,,,false,,false,62.11,NAP,false,N,false
005571435,00014,00557143500014,,1984-12-25,F,true,,,,false,,false,64.11,NAP,false,N,false
005571450,00013,00557145000013,,1996-11-18,F,true,,,,false,,false,49.05,NAP,false,N,false
005571534,00014,00557153400014,,1984-12-25,F,true,,,,false,,false,87.03,NAP,false,N,false
005571559,00011,00557155900011,,,F,false,,,,false,,false,64.11,NAP,false,N,false
005571591,00014,00557159100014,,1984-12-25,F,true,,,,false,,false,64.41,NAP,false,N,false
005571641,00017,00557164100017,,,F,false,,,,false,,false,55.72,NAP,false,N,false
005571674,00018,00557167400018,,1984-12-25,F,true,,,,false,,false,21.01,NAP,false,N,false
005571682,00011,00557168200011,,,F,false,,,,false,,false,64.11,NAP,false,N,false
005571708,00014,00557170800014,,1997-03-31,F,true,,,,false,,false,52.2C,NAF1993,false,O,false
005571716,00017,00557171600017,,2003-01-05,F,true,,,,false,,false,55.4B,NAFRev1,false,N,false
005571716,00017,00557171600017,2003-01-04,1991-12-25,A,false,,,,false,,false,55.4B,NAF1993,true,N,false
005571716,00017,00557171600017,1991-12-24,1955-01-01,A,false,,,,false,,false,,,false,N,false
005571781,00011,00557178100011,,,F,false,,,,false,,false,64.24,NAP,false,N,false
005571799,00013,00557179900013,,1989-06-30,F,true,,,,false,,false,52.6D,NAF1993,false,N,false
005571807,00014,00557180700014,,1988-09-30,F,true,,,,false,,false,67.08,NAP,false,N,false
005571823,00011,00557182300011,,1984-12-25,F,true,,,,false,,false,64.22,NAP,false,N,false
005571831,00014,00557183100014,,,F,false,,,,false,,false,62.11,NAP,false,N,false
005571880,00011,00557188000011,,1989-02-01,F,true,,,,false,,false,81.21,NAP,false,N,false
005571930,00014,00557193000014,,,F,false,,,,false,,false,81.21,NAP,false,N,false
005571955,00011,00557195500011,,,F,false,,,,false,,false,64.11,NAP,false,N,false
005571971,00018,00557197100018,,1984-12-25,F,true,,,,false,,false,64.42,NAP,false,N,false
005572029,00014,00557202900014,,1990-03-31,F,true,,,,false,,false,64.42,NAP,false,N,false
005572037,00017,00557203700017,,1984-12-25,F,true,,,,false,,false,38.40,NAP,false,N,false
005572086,00014,00557208600014,,1990-04-02,F,true,,,,false,,false,22.02,NAP,false,N,false
005572102,00019,00557210200019,,1988-04-30,F,true,,,,false,,false,67.04,NAP,false,N,false
005572110,00012,00557211000012,,1989-02-22,F,true,,,,false,,false,87.06,NAP,false,N,false
005572185,00014,00557218500014,,1985-12-25,F,true,,,,false,,false,69.23,NAP,false,N,false
005572193,00018,00557219300018,,1985-12-25,F,true,,,,false,,false,62.11,NAP,false,N,false
005572235,00017,00557223500017,,1984-12-25,F,true,,,,false,,false,66.01,NAP,false,N,false
005572268,00018,00557226800018,,1984-12-25,F,true,,,,false,,false,15.09,NAP,false,N,false
005572326,00014,00557232600014,,,F,false,,,,false,,false,64.11,NAP,false,N,false
005572466,00026,00557246600026,,1999-12-31,F,true,[ND],[ND],[ND],false,[ND],false,70.2A,NAF1993,false,N,false
005572490,00018,00557249000018,,1989-07-05,F,true,,,,false,,false,81.21,NAP,false,N,false
005572607,00025,00557260700025,,,F,false,,,,false,,false,38.40,NAP,false,N,false
005572615,00010,00557261500010,,1984-12-25,F,true,,,,false,,false,62.43,NAP,false,N,false
005572680,00014,00557268000014,,1984-12-25,F,true,,,,false,,false,67.04,NAP,false,N,false
005572706,00017,00557270600017,,,F,false,,,,false,,false,64.11,NAP,false,N,false
005572714,00011,00557271400011,,1992-06-30,F,true,,,,false,,false,70.2C,NAF1993,false,N,false
005572789,00013,00557278900013,,1984-12-25,F,true,,,,false,,false,64.46,NAP,false,N,false
005572920,00014,00557292000014,,1985-12-25,F,true,,,,false,,false,67.04,NAP,false,N,false
005573035,00010,00557303500010,,1984-12-25,F,true,,,,false,,false,55.40,NAP,false,N,false
005573100,00012,00557310000012,,1984-12-25,F,true,,,,false,,false,67.04,NAP,false,N,false
005573183,00018,00557318300018,,1988-12-31,F,true,,,,false,,false,64.23,NAP,false,N,false
005573373,00015,00557337300015,,1993-09-30,F,true,,,,false,,false,74.1C,NAF1993,false,N,false
005573415,00014,00557341500014,,1985-12-25,F,true,,,,false,,false,87.03,NAP,false,N,false
005573522,00017,00557352200017,,1992-06-30,F,true,,,,false,,false,52.4C,NAF1993,false,N,false
005573720,00017,00557372000017,,1989-03-30,F,true,,,,false,,false,67.05,NAP,false,N,false
005573761,00011,00557376100011,,1984-12-25,F,true,,,,false,,false,67.04,NAP,false,N,false
005573779,00013,00557377900013,,1984-12-25,F,true,,,,false,,false,64.42,NAP,false,N,false
005573811,00014,00557381100014,,1984-12-25,F,true,,,,false,,false,64.11,NAP,false,N,false
005573878,00013,00557387800013,,1984-12-25,F,true,,,,false,,false,81.21,NAP,false,N,false
005573969,00010,00557396900010,,1990-09-17,F,true,,,,false,,false,62.11,NAP,false,N,false
005574017,00017,00557401700017,,1988-01-04,F,true,,,,false,,false,64.30,NAP,false,N,false
005574025,00010,00557402500010,,,F,false,,,,false,,false,62.43,NAP,false,N,false
005574058,00029,00557405800029,,1984-12-25,F,true,,,,false,,false,55.60,NAP,false,N,false
005574132,00014,00557413200014,,2000-12-31,F,true,,,,false,,false,70.3A,NAF1993,false,N,false
005574173,00018,00557417300018,,1984-12-25,F,true,,,,false,,false,66.03,NAP,false,N,false
005574249,00024,00557424900024,,1984-12-25,F,true,,,,false,,false,64.49,NAP,false,N,false
005574389,00010,00557438900010,,1984-12-25,F,true,,,,false,,false,86.04,NAP,false,N,false
005574405,00014,00557440500014,,1985-12-25,F,true,,,,false,,false,55.73,NAP,false,N,false
005574454,00012,00557445400012,,1985-12-25,F,true,,,,false,,false,64.11,NAP,false,N,false
005574488,00010,00557448800010,,1989-12-15,F,true,,,,false,,false,67.08,NAP,false,N,false
005574546,00015,00557454600015,,1984-12-25,F,true,,,,false,,false,87.03,NAP,false,N,false
005574678,00016,00557467800016,,1989-06-30,F,true,,,,false,,false,64.23,NAP,false,N,false
005574736,00012,00557473600012,,1988-03-31,F,true,,,,false,,false,67.01,NAP,false,N,false
005574793,00013,00557479300013,,2001-12-31,F,true,,,,false,,false,70.2C,NAF1993,false,N,false
005574942,00016,00557494200016,,1984-12-25,F,true,,,,false,,false,81.21,NAP,false,N,false
005574975,00016,00557497500016,,1984-12-25,F,true,,,,false,,false,62.11,NAP,false,N,false
005575170,00013,00557517000013,,1982-12-29,F,true,,,,false,,false,81.21,NAP,false,N,false
005575188,00015,00557518800015,,1985-12-25,F,true,,,,false,,false,64.11,NAP,false,N,false
005575246,00011,00557524600011,,1988-02-05,F,true,,,,false,,false,81.21,NAP,false,N,false
005575360,00010,00557536000010,,1984-12-25,F,true,,,,false,,false,60.10,NAP,false,N,false
005575386,00015,00557538600015,,1985-12-25,F,true,,,,false,,false,62.44,NAP,false,N,false
005575485,00015,00557548500015,,1992-12-25,F,false,,,,false,,false,50.5Z,NAF1993,true,N,false
005575485,00015,00557548500015,1992-12-24,1992-03-31,F,true,,,,false,,false,,,false,N,false
005575485,00015,00557548500015,1992-03-30,1900-01-01,A,false,,,,false,,false,,,false,N,false
005575485,00023,00557548500023,,2001-12-31,F,true,,,,false,,false,70.2A,NAF1993,false,N,false
005575485,00023,00557548500023,2001-12-30,2000-12-25,A,false,,,,false,,false,70.2A,NAF1993,true,N,false
005575485,00023,00557548500023,2000-12-24,1992-03-31,A,false,,,,false,,false,,,false,N,false
005575501,00019,00557550100019,,,F,false,,,,false,,false,62.11,NAP,false,N,false
005575535,00017,00557553500017,,1984-12-25,F,true,,,,false,,false,38.50,NAP,false,N,false
005575543,00011,00557554300011,,,F,false,,,,false,,false,81.21,NAP,false,N,false
005575741,00011,00557574100011,,,F,false,,,,false,,false,62.43,NAP,false,N,false
005575832,00018,00557583200018,,1984-12-25,F,true,,,,false,,false,87.06,NAP,false,N,false
005575899,00017,00557589900017,,1984-12-25,F,true,,,,false,,false,64.11,NAP,false,N,false
005575907,00018,00557590700018,,,F,false,,,,false,,false,57.06,NAP,false,N,false
005576053,00010,00557605300010,,,F,false,,,,false,,false,62.11,NAP,false,N,false
005576145,00014,00557614500014,,1995-05-09,F,true,,,,false,,false,70.2C,NAF1993,false,N,false
005576160,00013,00557616000013,,1999-03-30,F,true,,,,false,,false,70.2C,NAF1993,false,N,false
005576178,00015,00557617800015,,1984-12-25,F,true,,,,false,,false,62.11,NAP,false,N,false
005576186,00018,00557618600018,,1995-03-31,F,true,,,,false,,false,55.4B,NAF1993,false,N,false
005576194,00012,00557619400012,,1984-12-25,F,true,,,,false,,false,62.11,NAP,false,N,false
005576210,00016,00557621000016,,1984-12-25,F,true,,,,false,,false,64.22,NAP,false,N,false
005576236,00011,00557623600011,,,F,false,,,,false,,false,64.22,NAP,false,N,false
005576244,00015,00557624400015,,1990-09-29,F,true,,,,false,,false,55.71,NAP,false,N,false
005576319,00015,00557631900015,,1984-12-25,F,true,,,,false,,false,62.11,NAP,false,N,false
005576343,00015,00557634300015,,1984-12-25,F,true,,,,false,,false,81.21,NAP,false,N,false
005576376,00015,00557637600015,,1992-07-08,F,true,,,,false,,false,52.4J,NAF1993,false,N,false
005576376,00015,00557637600015,1992-07-07,1987-12-25,A,false,,,,false,,false,52.4J,NAF1993,true,N,true
005576376,00015,00557637600015,1987-12-24,1900-01-01,A,false,,,,false,,false,,,false,,false
005576699,00010,00557669900010,,1984-12-25,F,true,,,,false,,false,81.21,NAP,false,N,false
005576798,00010,00557679800010,,1988-03-31,F,true,,,,false,,false,64.11,NAP,false,N,false
005576814,00015,00557681400015,,1987-12-25,F,true,,,,false,,false,55.72,NAP,false,N,false
005576889,00017,00557688900017,,1984-12-25,F,true,,,,false,,false,64.49,NAP,false,N,false
005576913,00015,00557691300015,,1984-12-25,F,true,,,,false,,false,64.30,NAP,false,N,false
005576962,00012,00557696200012,,1984-12-25,F,true,,,,false,,false,67.04,NAP,false,N,false
005577028,00011,00557702800011,,1991-06-30,F,true,,,,false,,false,21.01,NAP,false,N,false
005577051,00021,00557705100021,,1991-03-16,F,true,,,,false,,false,81.11,NAP,false,N,false
005577119,00018,00557711900018,,1989-05-02,F,true,,,,false,,false,55.60,NAP,false,N,false
005577143,00018,00557714300018,,1985-12-25,F,true,,,,false,,false,62.11,NAP,false,N,false
005577168,00015,00557716800015,,,F,false,,,,false,,false,81.21,NAP,false,N,false
005577200,00016,00557720000016,,1985-12-25,F,true,,,,false,,false,67.08,NAP,false,N,false
005577325,00029,00557732500029,,2008-01-01,A,false,,,,false,,false,68.20B,NAFRev2,true,N,false
005577325,00029,00557732500029,2007-12-31,2000-12-25,A,false,,,,false,,false,70.2C,NAF1993,true,N,false
005577325,00029,00557732500029,2000-12-24,1994-01-03,A,false,,,,false,,false,,,false,N,false
005580055,00019,00558005500019,,1984-12-25,F,true,,,,false,,false,55.73,NAP,false,N,false
005580071,00016,00558007100016,,1990-12-31,F,true,,,,false,,false,64.12,NAP,false,N,false
005580113,00032,00558011300032,,2018-12-20,F,true,,,,false,,false,68.20A,NAFRev2,false,O,false
005580113,00032,00558011300032,2018-12-19,2018-07-02,A,false,,,,false,,false,68.20A,NAFRev2,false,O,true
005580113,00032,00558011300032,2018-07-01,2008-01-01,A,false,,,,false,,false,68.20A,NAFRev2,true,N,false
005580113,00032,00558011300032,2007-12-31,1988-12-25,A,false,,,,false,,false,70.2A,NAF1993,true,N,false
005580113,00032,00558011300032,1988-12-24,1985-03-01,A,false,,,,false,,false,,,false,N,false
005580113,00040,00558011300040,,2018-12-31,A,false,,,,false,,false,41.10A,NAFRev2,true,O,false
005580113,00040,00558011300040,2018-12-30,2018-12-20,A,false,,,,false,,false,68.20A,NAFRev2,false,O,false
005580121,00019,00558012100019,,2008-06-03,F,true,,,,false,,false,68.20B,NAFRev2,false,N,false
005580121,00019,00558012100019,2008-06-02,2008-01-01,A,false,,,,false,,false,68.20B,NAFRev2,true,N,false
005580121,00019,00558012100019,2007-12-31,1993-12-25,A,false,,,,false,,false,70.2C,NAF1993,true,N,false
005580121,00019,00558012100019,1993-12-24,1900-01-01,A,false,,,,false,,false,,,false,N,false
005580121,00035,00558012100035,,2008-06-03,F,true,AFO,,,false,,false,68.20B,NAFRev2,false,N,false
005580121,00035,00558012100035,2008-06-02,2008-01-01,A,false,AFO,,,false,,false,68.20B,NAFRev2,true,N,false
005580121,00035,00558012100035,2007-12-31,1986-12-25,A,false,AFO,,,false,,false,70.2C,NAF1993,true,N,false
005580121,00035,00558012100035,1986-12-24,1900-01-01,A,false,AFO,,,false,,false,,,false,N,false
005580121,00043,00558012100043,,2008-06-03,F,true,,,,false,,false,68.20B,NAFRev2,false,N,false
005580121,00043,00558012100043,2008-06-02,2008-01-01,A,false,,,,false,,false,68.20B,NAFRev2,true,N,false
005580121,00043,00558012100043,2007-12-31,1993-12-25,A,false,,,,false,,false,70.2C,NAF1993,true,N,false
005580121,00043,00558012100043,1993-12-24,1900-01-01,A,false,,,,false,,false,,,false,N,false
005580121,00068,00558012100068,,2008-06-03,F,true,,,,false,,false,68.20B,NAFRev2,false,N,false
005580121,00068,00558012100068,2008-06-02,2008-01-01,A,false,,,,false,,false,68.20B,NAFRev2,true,N,false
005580121,00068,00558012100068,2007-12-31,1993-12-25,A,false,,,,false,,false,70.2C,NAF1993,true,N,false
005580121,00068,00558012100068,1993-12-24,1900-01-01,A,false,,,,false,,false,,,false,N,false
005580121,00100,00558012100100,,2008-06-03,F,true,,,,false,,false,33.15Z,NAFRev2,false,N,false
005580121,00100,00558012100100,2008-06-02,2008-01-01,A,false,,,,false,,false,33.15Z,NAFRev2,true,N,false
005580121,00100,00558012100100,2007-12-31,1991-12-25,A,false,,,,false,,false,35.1C,NAF1993,true,N,false
005580121,00100,00558012100100,1991-12-24,1979-12-15,A,false,,,,false,,false,,,false,N,false
005580121,00126,00558012100126,,2008-06-03,F,true,,,,false,,false,68.20B,NAFRev2,false,N,false
005580121,00126,00558012100126,2008-06-02,2008-01-01,A,false,,,,false,,false,68.20B,NAFRev2,true,N,false
005580121,00126,00558012100126,2007-12-31,1981-12-25,A,false,,,,false,,false,70.2C,NAF1993,true,N,false
005580121,00126,00558012100126,1981-12-24,1981-01-15,A,false,,,,false,,false,,,false,N,false
005580121,00134,00558012100134,,2008-06-03,F,true,,,,false,,false,68.20B,NAFRev2,false,N,false
005580121,00134,00558012100134,2008-06-02,2008-01-01,A,false,,,,false,,false,68.20B,NAFRev2,true,N,false
005580121,00134,00558012100134,2007-12-31,1983-12-25,A,false,,,,false,,false,70.2C,NAF1993,true,N,false
005580121,00134,00558012100134,1983-12-24,1983-02-07,A,false,,,,false,,false,,,false,N,false
005580147,00030,00558014700030,,1985-12-25,F,true,,,,false,,false,69.11,NAP,false,N,false
005580154,00036,00558015400036,,1996-11-07,F,true,,,,false,,false,74.1J,NAF1993,false,N,false
005580154,00036,00558015400036,1996-11-06,1993-12-25,A,false,,,,false,,false,74.1J,NAF1993,false,N,true
005580154,00036,00558015400036,1993-12-24,1988-12-25,A,false,,,,false,,false,74.1J,NAF1993,false,,false
005580204,00013,00558020400013,,1999-02-27,F,true,,,,false,,false,70.2C,NAF1993,false,N,false
005580212,00016,00558021200016,,,F,false,,,,false,,false,81.21,NAP,false,N,false
005580238,00011,00558023800011,,1984-12-25,F,true,,,,false,,false,64.21,NAP,false,N,false
005580261,00013,00558026100013,,1987-12-25,F,true,,,,false,,false,81.21,NAP,false,N,false
005580295,00011,00558029500011,,,F,false,,,,false,,false,63.3Z,NAFRev1,false,N,false
005580329,00018,00558032900018,,1984-12-25,F,true,,,,false,,false,97.12,NAP,false,N,false
005580345,00022,00558034500022,,2008-01-01,F,true,,,,false,,false,74.90A,NAFRev2,true,N,false
005580345,00022,00558034500022,2007-12-31,2007-03-14,A,false,,,,false,,false,74.2B,NAFRev1,true,N,false
005580345,00022,00558034500022,2007-03-13,2004-12-25,A,false,,,,false,,false,74.2C,NAFRev1,true,N,false
005580345,00022,00558034500022,2004-12-24,1999-12-25,A,false,,,,false,,false,70.2A,NAF1993,true,N,false
005580345,00022,00558034500022,1999-12-24,1983-11-14,A,false,,,,false,,false,,,false,N,false
005580345,00030,00558034500030,,2012-04-25,F,true,,,,false,,false,74.90A,NAFRev2,false,N,false
005580345,00030,00558034500030,2012-04-24,2008-01-01,A,false,,,,false,,false,74.90A,NAFRev2,false,N,false
005580436,00011,00558043600011,,2009-12-02,F,true,,,,false,,false,70.22Z,NAFRev2,false,O,false
005580436,00011,00558043600011,2009-12-01,2008-05-30,A,false,,,,false,,false,70.22Z,NAFRev2,true,O,false
005580436,00011,00558043600011,2008-05-29,2008-01-01,A,false,,,,false,,false,30.12Z,NAFRev2,true,O,false
005580436,00011,00558043600011,2007-12-31,2004-12-25,A,false,,,,false,,false,35.1E,NAFRev1,true,O,false
005580436,00011,00558043600011,2004-12-24,1996-12-25,A,false,,,,false,,false,,,false,O,true
005580436,00011,00558043600011,1996-12-24,1955-01-01,A,false,,,,false,,false,,,false,,false
005580436,00052,00558043600052,,2012-07-06,F,true,,,,false,,false,70.22Z,NAFRev2,false,O,false
005580436,00052,00558043600052,2012-07-05,2009-12-02,A,false,,,,false,,false,70.22Z,NAFRev2,false,O,false
005580436,00060,00558043600060,,2017-12-31,A,false,,,,false,,false,70.22Z,NAFRev2,false,N,true
005580436,00060,00558043600060,2017-12-30,2012-07-06,A,false,,,,false,,false,70.22Z,NAFRev2,false,O,false
005580469,00038,00558046900038,,2003-12-15,F,true,,,,false,,false,70.2C,NAFRev1,false,N,false
005580469,00038,00558046900038,2003-12-14,2002-12-25,A,false,,,,false,,false,70.2C,NAF1993,true,N,false
005580469,00038,00558046900038,2002-12-24,2002-06-25,A,false,,,,false,,false,,,false,N,false
005580501,00012,00558050100012,,2019-12-31,F,true,STEF,,,false,,false,52.10A,NAFRev2,false,O,false
005580501,00012,00558050100012,2019-12-30,2008-01-01,A,false,STEF,,,false,,false,52.10A,NAFRev2,true,O,false
005580501,00012,00558050100012,2007-12-31,1996-12-25,A,false,STEF,,,false,,false,63.1D,NAF1993,false,O,true
005580501,00012,00558050100012,1996-12-24,1994-12-25,A,false,STEF,,,false,,false,63.1D,NAF1993,true,,false
005580501,00012,00558050100012,1994-12-24,1986-12-25,A,false,STEF,,,false,,false,,,false,,false
005580501,00020,00558050100020,,1996-05-01,F,true,,,,false,,false,63.1D,NAF1993,false,N,false
005580501,00020,00558050100020,1996-04-30,1994-12-25,A,false,,,,false,,false,63.1D,NAF1993,true,N,false
005580501,00020,00558050100020,1994-12-24,1991-12-25,A,false,,,,false,,false,,,false,N,true
005580501,00020,00558050100020,1991-12-24,1986-06-01,A,false,,,,false,,false,,,false,,false
005580501,00038,00558050100038,,2009-12-31,F,true,STEF,,,false,,false,52.10A,NAFRev2,false,O,false
005580501,00038,00558050100038,2009-12-30,2008-01-01,A,false,STEF,,,false,,false,52.10A,NAFRev2,true,O,false
005580501,00038,00558050100038,2007-12-31,2002-12-31,A,false,STEF,,,false,,false,63.1D,NAF1993,false,O,true
005580501,00038,00558050100038,2002-12-30,1994-12-25,A,false,STEF,,,false,,false,63.1D,NAF1993,true,,false
005580501,00038,00558050100038,1994-12-24,1989-01-01,A,false,STEF,,,false,,false,,,false,,false
005580501,00046,00558050100046,,2021-07-26,A,false,,,,false,,false,66.30Z,NAFRev2,true,O,false
005580501,00046,00558050100046,2021-07-25,2008-01-01,A,false,,,,false,,false,52.10A,NAFRev2,true,O,false
005580501,00046,00558050100046,2007-12-31,2003-12-25,A,false,,,,false,,false,63.1D,NAFRev1,true,O,true
005580501,00046,00558050100046,2003-12-24,1996-05-01,A,false,,,,false,,false,,,false,,false
005580527,00017,00558052700017,,1986-12-04,F,true,,,,false,,false,25.03,NAP,false,N,false
005580600,00012,00558060000012,,,F,false,,,,false,,false,55.71,NAP,false,N,false
005580618,00022,00558061800022,,2010-09-21,F,true,,,,false,,false,58.14Z,NAFRev2,false,O,false
005580618,00022,00558061800022,2010-09-20,2008-01-01,A,false,,,,false,,false,58.14Z,NAFRev2,true,O,false
005580618,00022,00558061800022,2007-12-31,2003-12-25,A,false,,,,false,,false,22.1E,NAFRev1,true,O,false
005580618,00022,00558061800022,2003-12-24,1996-12-25,A,false,,,,false,,false,,,false,O,true
005580618,00022,00558061800022,1996-12-24,1985-04-15,A,false,,,,false,,false,,,false,,false
005580618,00030,00558061800030,,2010-09-21,F,true,,,,false,,false,58.14Z,NAFRev2,false,O,false
005580618,00030,00558061800030,2010-09-20,2008-01-01,A,false,,,,false,,false,58.14Z,NAFRev2,true,O,false
005580618,00030,00558061800030,2007-12-31,1997-12-31,A,true,,,,false,,false,22.1E,NAF1993,false,O,false
005580618,00030,00558061800030,1997-12-30,1997-12-25,,false,,,,false,,false,22.1E,NAF1993,false,O,false
005580642,00014,00558064200014,,1986-12-25,F,true,,,,false,,false,67.04,NAP,false,N,false
005580683,00018,00558068300018,,2015-04-14,F,true,,,,false,,false,55.10Z,NAFRev2,false,N,false
005580683,00018,00558068300018,2015-04-13,2008-01-01,A,false,,,,false,,false,55.10Z,NAFRev2,true,N,false
005580683,00018,00558068300018,2007-12-31,1972-12-25,A,false,,,,false,,false,55.1A,NAF1993,true,N,false
005580683,00018,00558068300018,1972-12-24,1972-01-01,A,false,,,,false,,false,,,false,N,false
005580683,00026,00558068300026,,2015-04-14,F,false,,,,false,,false,55.10Z,NAFRev2,false,N,false
005580766,00011,00558076600011,,1984-12-25,F,true,,,,false,,false,55.60,NAP,false,N,false
005580782,00018,00558078200018,,1992-09-30,F,true,,,,false,,false,52.6E,NAF1993,false,N,false
005580824,00018,00558082400018,,1984-12-25,F,true,,,,false,,false,15.09,NAP,false,N,false
005610043,00019,00561004300019,,1984-12-25,F,true,,,,false,,false,64.49,NAP,false,N,false
005610142,00019,00561014200019,,1987-12-31,F,true,,,,false,,false,67.01,NAP,false,N,false
005610175,00019,00561017500019,,,F,false,,,,false,,false,56.02,NAP,false,N,false
005610324,00013,00561032400013,,1988-09-30,F,true,,,,false,,false,65.06,NAP,false,N,false
005610399,00015,00561039900015,,1988-09-30,F,true,,,,false,,false,65.02,NAP,false,N,false
005610423,00013,00561042300013,,2000-11-12,F,true,,,,false,,false,81.21,NAP,false,N,false
005610746,00017,00561074600017,,,F,false,,,,false,,false,62.44,NAP,false,N,false
005610761,00016,00561076100016,,2001-01-28,F,true,,,,false,,false,52.6E,NAF1993,false,N,false
005610886,00011,00561088600011,,,F,false,,,,false,,false,62.43,NAP,false,N,false
005610928,00011,00561092800011,,1984-12-25,F,true,,,,false,,false,81.21,NAP,false,N,false
005610936,00014,00561093600014,,1984-12-25,F,true,,,,false,,false,81.21,NAP,false,N,false
005610993,00023,00561099300023,,1987-12-31,F,true,,,,false,,false,47.08,NAP,false,N,false
005611009,00019,00561100900019,,1990-01-01,F,true,,,,false,,false,81.21,NAP,false,N,false
005611025,00015,00561102500015,,,F,false,,,,false,,false,55.60,NAP,false,N,false
005611066,00019,00561106600019,,1995-06-30,F,true,,,,false,,false,55.4B,NAF1993,false,N,false
005611074,00013,00561107400013,,2008-01-01,A,false,,,,false,,false,01.42Z,NAFRev2,true,N,false
005611074,00013,00561107400013,2007-12-31,1961-12-25,A,false,,,,false,,false,01.1A,NAF1993,true,N,false
005611074,00013,00561107400013,1961-12-24,1961-01-01,A,false,,,,false,,false,,,false,N,false
005611215,00012,00561121500012,,1993-07-20,F,true,,,,false,,false,52.4Y,NAF1993,false,N,false
005611223,00016,00561122300016,,1985-12-25,F,true,,,,false,,false,62.44,NAP,false,N,false
005611389,00015,00561138900015,,1984-12-25,F,true,,,,false,,false,64.49,NAP,false,N,false
005611462,00010,00561146200010,,1993-08-24,F,true,,,,false,,false,81.21,NAP,false,N,false
005611744,00011,00561174400011,,1987-09-30,F,true,,,,false,,false,64.11,NAP,false,N,false
005611751,00016,00561175100016,,1987-07-14,F,true,,,,false,,false,64.43,NAP,false,N,false
005611827,00014,00561182700014,,2004-09-30,F,true,,,,false,,false,70.2C,NAFRev1,false,N,false
005611827,00014,00561182700014,2004-09-29,1994-12-25,A,false,,,,false,,false,70.2C,NAF1993,true,N,false
005611827,00014,00561182700014,1994-12-24,1956-01-01,A,false,,,,false,,false,,,false,N,false
005611926,00014,00561192600014,,1998-12-31,F,true,,,,false,,false,70.2C,NAF1993,false,N,false
005611926,00014,00561192600014,1998-12-30,1956-12-25,A,false,,,,false,,false,70.2C,NAF1993,true,N,false
005611926,00014,00561192600014,1956-12-24,1956-01-01,A,false,,,,false,,false,,,false,N,false
005612056,00019,00561205600019,,1990-11-01,F,true,,,,false,,false,64.25,NAP,false,N,false
005612106,00020,00561210600020,,,F,false,,,,false,,false,64.24,NAP,false,N,false
005612114,00016,00561211400016,,,F,false,,,,false,,false,62.44,NAP,false,N,false
005612130,00012,00561213000012,,,F,false,,,,false,,false,81.21,NAP,false,N,false
005612288,00018,00561228800018,,,F,false,,,,false,,false,64.11,NAP,false,N,false
005612296,00011,00561229600011,,1987-01-30,F,true,,,,false,,false,64.30,NAP,false,N,false
005612312,00016,00561231200016,,1993-12-31,F,true,,,,false,,false,52.4C,NAF1993,false,O,false
005612353,00010,00561235300010,,1989-12-31,F,true,,,,false,,false,55.60,NAP,false,N,false
005612478,00015,00561247800015,,1988-12-31,F,true,,,,false,,false,38.40,NAP,false,N,false
005612502,00012,00561250200012,,1992-09-04,F,true,,,,false,,false,52.4C,NAF1993,false,N,false
005612502,00012,00561250200012,1992-09-03,1986-12-25,A,false,,,,false,,false,52.4C,NAF1993,true,N,true
005612502,00012,00561250200012,1986-12-24,1986-05-01,A,false,,,,false,,false,,,false,,false
005612577,00014,00561257700014,,1984-12-25,F,true,,,,false,,false,81.21,NAP,false,N,false
005612676,00014,00561267600014,,1984-12-25,F,true,,,,false,,false,64.46,NAP,false,N,false
005612700,00012,00561270000012,,1987-11-30,F,true,,,,false,,false,81.21,NAP,false,N,false
005612718,00014,00561271800014,,1989-10-02,F,true,,,,false,,false,38.40,NAP,false,N,false
005612734,00011,00561273400011,,1995-12-25,F,true,,,,false,,false,70.2C,NAF1993,true,N,false
005612734,00011,00561273400011,1995-12-24,1987-12-25,A,false,,,,false,,false,,,false,N,true
005612734,00011,00561273400011,1987-12-24,1956-01-01,A,false,,,,false,,false,,,false,,false
005620026,00012,00562002600012,,,F,false,,,,false,,false,55.71,NAP,false,N,false
005620034,00016,00562003400016,,2008-01-01,A,false,,,,false,,false,46.73A,NAFRev2,true,O,false
005620034,00016,00562003400016,2007-12-31,1996-12-25,A,false,,,,false,,false,51.5F,NAF1993,true,O,true
005620034,00016,00562003400016,1996-12-24,1956-01-01,A,false,,,,false,,false,,,false,,false
005620034,00024,00562003400024,,2010-09-01,A,false,,,,false,,false,46.73A,NAFRev2,false,O,false
005620059,00013,00562005900013,,1984-12-25,F,true,,,,false,,false,64.42,NAP,false,N,false
005620083,00013,00562008300013,,1987-01-01,F,true,,,,false,,false,,,false,,false
005620083,00013,00562008300013,1986-12-31,1956-01-01,A,false,,,,false,,false,,,false,,false
005620091,00016,00562009100016,,2011-06-30,F,true,,,,false,,false,28.14Z,NAFRev2,false,O,false
005620091,00016,00562009100016,2011-06-29,2008-01-01,A,false,,,,false,,false,28.14Z,NAFRev2,true,O,false
005620091,00016,00562009100016,2007-12-31,2004-12-25,A,false,,,,false,,false,29.1F,NAFRev1,true,O,false
005620091,00016,00562009100016,2004-12-24,1999-12-25,A,false,,,,false,,false,,,false,O,true
005620091,00016,00562009100016,1999-12-24,1956-01-01,A,false,,,,false,,false,,,false,,false
005620109,00016,00562010900016,,2002-11-25,F,true,,,,false,,false,45.2V,NAF1993,false,O,false
005620109,00016,00562010900016,2002-11-24,2001-12-31,A,false,,,,false,,false,45.2V,NAF1993,false,O,true
005620109,00016,00562010900016,2001-12-30,1996-12-25,A,false,,,,false,,false,45.2V,NAF1993,true,,false
005620109,00016,00562010900016,1996-12-24,1956-01-01,A,false,,,,false,,false,,,false,,false
005620117,00019,00562011700019,,2017-12-07,A,false,DUBOIS,,,false,DUBOIS,false,46.69C,NAFRev2,true,O,false
005620117,00019,00562011700019,2017-12-06,2017-02-02,A,false,DUBOIS,,,false,DUBOIS,false,46.69B,NAFRev2,true,O,false
005620117,00019,00562011700019,2017-02-01,2014-04-01,A,false,DUBOIS,,,true,DUBOIS,true,25.62B,NAFRev2,false,O,false
005620117,00019,00562011700019,2014-03-31,2008-01-01,A,false,,,,false,,false,25.62B,NAFRev2,true,O,false
005620117,00019,00562011700019,2007-12-31,2003-12-25,A,false,,,,false,,false,28.5D,NAFRev1,true,O,false
005620117,00019,00562011700019,2003-12-24,1996-12-25,A,false,,,,false,,false,,,false,O,true
005620117,00019,00562011700019,1996-12-24,1900-01-01,A,false,,,,false,,false,,,false,,false
005620117,00027,00562011700027,,2008-01-01,A,false,,,,false,,false,46.69B,NAFRev2,true,N,false
005620117,00027,00562011700027,2007-12-31,2003-12-25,A,false,,,,false,,false,51.8N,NAFRev1,true,N,false
005620117,00027,00562011700027,2003-12-24,1994-12-25,A,false,,,,false,,false,51.6L,NAF1993,true,N,false
005620117,00027,00562011700027,1994-12-24,1994-05-01,A,false,,,,false,,false,,,false,N,false
005620158,00013,00562015800013,,2008-01-01,A,false,,,,false,,false,68.20B,NAFRev2,true,N,false
005620158,00013,00562015800013,2007-12-31,1991-12-25,A,false,,,,false,,false,70.2C,NAF1993,true,N,false
005620158,00013,00562015800013,1991-12-24,1956-01-01,A,false,,,,false,,false,,,false,N,false
005620174,00010,00562017400010,2007-12-31,1995-12-25,A,false,,,,false,,false,15.6A,NAF1993,false,O,true
005620174,00010,00562017400010,2014-03-31,2008-01-01,A,false,,,,false,,false,10.61A,NAFRev2,true,O,false
005620174,00010,00562017400010,2015-12-31,2014-04-01,A,false,,,,false,,false,10.61A,NAFRev2,false,N,true
005620174,00010,00562017400010,,2016-01-01,F,true,,,,false,,false,10.61A,NAFRev2,false,N,false
005620174,00010,00562017400010,1995-12-24,1989-12-25,A,false,,,,false,,false,15.6A,NAF1993,true,,false
005620174,00010,00562017400010,1989-12-24,1956-01-01,A,false,,,,false,,false,,,false,,false
005620174,00028,00562017400028,,2023-01-26,F,true,,,,false,,false,45.20A,NAFRev2,false,N,false
005620174,00028,00562017400028,2023-01-25,2015-12-15,A,false,,,,false,,false,45.20A,NAFRev2,false,N,false
005620174,00036,00562017400036,,2022-12-31,A,false,,,,false,,false,45.20A,NAFRev2,false,N,true
005620174,00036,00562017400036,2022-12-30,2016-07-04,A,false,,,,false,,false,45.20A,NAFRev2,false,O,true
005620174,00036,00562017400036,2016-07-03,2016-01-01,A,false,,,,false,,false,45.20A,NAFRev2,false,N,false
005620190,00024,00562019000024,,1998-03-23,F,true,,,,false,,false,60.2B,NAF1993,false,O,false
005620190,00024,00562019000024,1998-03-22,1996-12-31,A,false,,,,false,,false,60.2B,NAF1993,false,O,true
005620190,00024,00562019000024,1996-12-30,1993-12-25,A,false,,,,false,,false,60.2B,NAF1993,true,,false
005620190,00024,00562019000024,1993-12-24,1986-04-30,A,false,,,,false,,false,,,false,,false
005620190,00032,00562019000032,,2010-02-22,F,true,,,,false,,false,49.39A,NAFRev2,false,O,false
005620190,00032,00562019000032,2010-02-21,2008-01-01,A,false,,,,false,,false,49.39A,NAFRev2,true,O,false
005620190,00032,00562019000032,2007-12-31,2004-12-25,A,false,,,,false,,false,60.2B,NAFRev1,true,O,false
005620190,00032,00562019000032,2004-12-24,1998-12-25,A,false,,,,false,,false,,,false,O,true
005620190,00032,00562019000032,1998-12-24,1998-03-23,A,false,,,,false,,false,,,false,,false
005620190,00040,00562019000040,,2016-01-01,F,true,,,,false,,false,49.39A,NAFRev2,false,O,false
005620190,00040,00562019000040,2015-12-31,2010-02-22,A,false,,,,false,,false,49.39A,NAFRev2,false,O,false
005620190,00057,00562019000057,,2014-09-23,A,false,,,,false,,false,49.39A,NAFRev2,false,N,false
005620190,00065,00562019000065,,2016-01-01,A,false,,,,false,,false,49.39A,NAFRev2,false,O,false
005620265,00016,00562026500016,,1984-12-25,F,true,,,,false,,false,00.97,NAP,false,N,false
005620281,00013,00562028100013,,2008-01-01,A,false,,,,false,,false,68.20B,NAFRev2,true,N,false
005620281,00013,00562028100013,2007-12-31,1986-12-25,A,false,,,,false,,false,70.2C,NAF1993,true,N,false
005620281,00013,00562028100013,1986-12-24,1982-06-15,A,true,,,,false,,false,,,false,N,true
005620281,00013,00562028100013,1982-06-14,1956-01-01,,false,,,,false,,false,,,false,,false
005620307,00016,00562030700016,,1984-12-25,F,true,,,,false,,false,21.12,NAP,false,N,false
005620315,00035,00562031500035,,1997-01-01,F,true,,,,false,,false,74.1J,NAF1993,false,N,false
005620349,00018,00562034900018,,1984-12-25,F,true,,,,false,,false,55.60,NAP,false,N,false
005620364,00017,00562036400017,,1994-01-03,F,true,,,,false,,false,,,false,,false
005620364,00017,00562036400017,1994-01-02,1900-01-01,A,false,,,,false,,false,,,false,,false
005620380,00013,00562038000013,,1984-12-25,F,true,,,,false,,false,44.33,NAP,false,N,false
005620422,00013,00562042200013,,2007-01-01,F,true,,,,false,,false,51.8P,NAFRev1,false,O,false
005620422,00013,00562042200013,2006-12-31,2005-01-01,A,false,,,,false,,false,51.8P,NAFRev1,false,O,true
005620422,00013,00562042200013,2004-12-31,2003-12-31,A,false,,,,false,,false,51.8P,NAFRev1,false,N,true
